timestamp,num_slices,num_vnfs_per_slice,total_vnfs,seed,method,accepted,total_energy,total_bandwidth,total_latency,runtime_sec
2026-01-13 10:25:12,4,2,8,1,A*,4,7.802499999999999,120.0,4.0,0.040187835693359375
2026-01-13 10:25:12,4,2,8,1,ABO,4,3.495,120.0,8.0,3.600271701812744
2026-01-13 10:25:12,4,2,8,1,FABO,4,9.64875,120.0,8.0,3.574439764022827
2026-01-13 10:25:12,4,2,8,1,Best Fit,4,3.8025,120.0,4.0,0.015828371047973633
2026-01-13 10:25:12,4,2,8,1,First Fit,4,3.6825,120.0,12.0,0.002259492874145508
2026-01-13 10:25:12,4,2,8,1,Energy-Aware A*,4,7.614999999999999,120.0,8.0,0.8933119773864746
2026-01-13 10:25:12,4,2,8,1,MILP_Gurobi,4,3.8025,30.0,4.0,0.022725343704223633
2026-01-13 10:25:20,8,2,16,1,A*,8,8.605,240.0,8.0,0.08212041854858398
2026-01-13 10:25:20,8,2,16,1,ABO,8,3.99,240.0,16.0,7.427529335021973
2026-01-13 10:25:20,8,2,16,1,FABO,8,16.39125,240.0,16.0,7.411727666854858
2026-01-13 10:25:20,8,2,16,1,Best Fit,8,4.605,240.0,8.0,0.03149008750915527
2026-01-13 10:25:20,8,2,16,1,First Fit,8,4.365,240.0,24.0,0.004509687423706055
2026-01-13 10:25:20,8,2,16,1,Energy-Aware A*,8,8.229999999999999,240.0,16.0,1.8449134826660156
2026-01-13 10:25:20,8,2,16,1,MILP_Gurobi,8,4.605,30.0,8.0,0.029798269271850586
2026-01-13 10:25:37,16,2,32,1,A*,16,10.21,480.0,16.0,0.14899277687072754
2026-01-13 10:25:37,16,2,32,1,ABO,16,4.98,480.0,32.0,14.718810081481934
2026-01-13 10:25:37,16,2,32,1,FABO,16,19.7225,480.0,32.0,14.758553504943848
2026-01-13 10:25:37,16,2,32,1,Best Fit,16,8.21,480.0,16.0,0.06363916397094727
2026-01-13 10:25:37,16,2,32,1,First Fit,16,8.45,480.0,48.0,0.008567571640014648
2026-01-13 10:25:37,16,2,32,1,Energy-Aware A*,16,9.46,480.0,32.0,3.677117347717285
2026-01-13 10:25:37,16,2,32,1,MILP_Gurobi,16,8.15,90.0,48.0,0.08605575561523438
2026-01-13 10:26:11,32,2,64,1,A*,32,14.91,1200.0,40.0,0.28426527976989746
2026-01-13 10:26:11,32,2,64,1,ABO,32,19.17125,960.0,64.0,25.06914758682251
2026-01-13 10:26:11,32,2,64,1,FABO,32,23.696249999999996,960.0,64.0,28.506911993026733
2026-01-13 10:26:11,32,2,64,1,Best Fit,32,14.91,1200.0,40.0,0.10763430595397949
2026-01-13 10:26:11,32,2,64,1,First Fit,32,16.35,1920.0,112.0,0.019980192184448242
2026-01-13 10:26:11,32,2,64,1,Energy-Aware A*,32,11.92,960.0,64.0,7.0699217319488525
2026-01-13 10:27:12,64,2,128,1,A*,48,24.600000000000005,2160.0,72.0,0.42973756790161133
2026-01-13 10:27:12,64,2,128,1,ABO,64,37.521874999999994,2340.0,158.0,38.84844255447388
2026-01-13 10:27:12,64,2,128,1,FABO,64,38.654999999999994,2280.0,156.0,48.22971844673157
2026-01-13 10:27:12,64,2,128,1,Best Fit,48,22.599999999999998,2160.0,72.0,0.17973995208740234
2026-01-13 10:27:12,64,2,128,1,First Fit,48,24.8,2640.0,136.0,0.06027579307556152
2026-01-13 10:27:12,64,2,128,1,Energy-Aware A*,64,23.389999999999997,2250.0,155.0,15.23894715309143
2026-01-13 10:28:55,128,2,256,1,A*,48,24.600000000000005,2160.0,72.0,0.592803955078125
2026-01-13 10:28:55,128,2,256,1,ABO,102,56.12125,5010.0,339.0,43.28137445449829
2026-01-13 10:28:55,128,2,256,1,FABO,110,61.176249999999996,5730.0,378.0,55.144883155822754
2026-01-13 10:28:55,128,2,256,1,Best Fit,48,22.599999999999998,2160.0,72.0,0.3165764808654785
2026-01-13 10:28:55,128,2,256,1,First Fit,48,24.8,2640.0,136.0,0.15299367904663086
2026-01-13 10:28:55,128,2,256,1,Energy-Aware A*,108,45.7875,4500.0,318.0,20.36586833000183
2026-01-13 10:30:55,4,2,8,2,A*,4,7.802499999999999,120.0,4.0,0.03596663475036621
2026-01-13 10:30:55,4,2,8,2,ABO,4,3.495,120.0,8.0,3.5690667629241943
2026-01-13 10:30:55,4,2,8,2,FABO,4,9.64875,120.0,8.0,3.5703976154327393
2026-01-13 10:30:55,4,2,8,2,Best Fit,4,3.8025,120.0,4.0,0.015131711959838867
2026-01-13 10:30:55,4,2,8,2,First Fit,4,3.6825,120.0,12.0,0.002203702926635742
2026-01-13 10:30:55,4,2,8,2,Energy-Aware A*,4,7.614999999999999,120.0,8.0,0.880723237991333
2026-01-13 10:30:55,4,2,8,2,MILP_Gurobi,4,3.8025,30.0,4.0,0.016000986099243164
2026-01-13 10:31:03,8,2,16,2,A*,8,8.605,240.0,8.0,0.0746760368347168
2026-01-13 10:31:03,8,2,16,2,ABO,8,3.99,240.0,16.0,7.398230075836182
2026-01-13 10:31:03,8,2,16,2,FABO,8,16.39125,240.0,16.0,7.392284393310547
2026-01-13 10:31:03,8,2,16,2,Best Fit,8,4.605,240.0,8.0,0.031141281127929688
2026-01-13 10:31:03,8,2,16,2,First Fit,8,4.365,240.0,24.0,0.004161834716796875
2026-01-13 10:31:03,8,2,16,2,Energy-Aware A*,8,8.229999999999999,240.0,16.0,1.8221521377563477
2026-01-13 10:31:03,8,2,16,2,MILP_Gurobi,8,4.605,30.0,8.0,0.027307748794555664
2026-01-13 10:31:20,16,2,32,2,A*,16,10.21,480.0,16.0,0.15215229988098145
2026-01-13 10:31:20,16,2,32,2,ABO,16,4.98,480.0,32.0,14.699858903884888
2026-01-13 10:31:20,16,2,32,2,FABO,16,19.7225,480.0,32.0,14.79634976387024
2026-01-13 10:31:20,16,2,32,2,Best Fit,16,8.21,480.0,16.0,0.06141805648803711
2026-01-13 10:31:20,16,2,32,2,First Fit,16,8.45,480.0,48.0,0.008584022521972656
2026-01-13 10:31:20,16,2,32,2,Energy-Aware A*,16,9.46,480.0,32.0,3.595283269882202
2026-01-13 10:31:20,16,2,32,2,MILP_Gurobi,16,8.15,90.0,48.0,0.08273077011108398
2026-01-13 10:31:53,32,2,64,2,A*,32,14.91,1200.0,40.0,0.27986741065979004
2026-01-13 10:31:53,32,2,64,2,ABO,32,19.17125,960.0,64.0,24.98551869392395
2026-01-13 10:31:53,32,2,64,2,FABO,32,23.696249999999996,960.0,64.0,28.507115602493286
2026-01-13 10:31:53,32,2,64,2,Best Fit,32,14.91,1200.0,40.0,0.10447287559509277
2026-01-13 10:31:53,32,2,64,2,First Fit,32,16.35,1920.0,112.0,0.019651412963867188
2026-01-13 10:31:53,32,2,64,2,Energy-Aware A*,32,11.92,960.0,64.0,7.053040266036987
2026-01-13 10:32:54,64,2,128,2,A*,48,24.600000000000005,2160.0,72.0,0.42635035514831543
2026-01-13 10:32:54,64,2,128,2,ABO,64,37.521874999999994,2340.0,158.0,38.97395420074463
2026-01-13 10:32:54,64,2,128,2,FABO,64,38.654999999999994,2280.0,156.0,48.31318259239197
2026-01-13 10:32:54,64,2,128,2,Best Fit,48,22.599999999999998,2160.0,72.0,0.17998886108398438
2026-01-13 10:32:54,64,2,128,2,First Fit,48,24.8,2640.0,136.0,0.061202049255371094
2026-01-13 10:32:54,64,2,128,2,Energy-Aware A*,64,23.389999999999997,2250.0,155.0,15.30696988105774
2026-01-13 10:34:38,128,2,256,2,A*,48,24.600000000000005,2160.0,72.0,0.5911812782287598
2026-01-13 10:34:38,128,2,256,2,ABO,102,56.12125,5010.0,339.0,43.42703366279602
2026-01-13 10:34:38,128,2,256,2,FABO,110,61.176249999999996,5730.0,378.0,54.93013906478882
2026-01-13 10:34:38,128,2,256,2,Best Fit,48,22.599999999999998,2160.0,72.0,0.31647348403930664
2026-01-13 10:34:38,128,2,256,2,First Fit,48,24.8,2640.0,136.0,0.1573655605316162
2026-01-13 10:34:38,128,2,256,2,Energy-Aware A*,108,45.7875,4500.0,318.0,20.39117932319641
2026-01-13 10:36:38,4,2,8,3,A*,4,7.802499999999999,120.0,4.0,0.03591513633728027
2026-01-13 10:36:38,4,2,8,3,ABO,4,3.495,120.0,8.0,3.563042163848877
2026-01-13 10:36:38,4,2,8,3,FABO,4,9.64875,120.0,8.0,3.5520219802856445
2026-01-13 10:36:38,4,2,8,3,Best Fit,4,3.8025,120.0,4.0,0.015289545059204102
2026-01-13 10:36:38,4,2,8,3,First Fit,4,3.6825,120.0,12.0,0.0022199153900146484
2026-01-13 10:36:38,4,2,8,3,Energy-Aware A*,4,7.614999999999999,120.0,8.0,0.8895814418792725
2026-01-13 10:36:38,4,2,8,3,MILP_Gurobi,4,3.8025,30.0,4.0,0.01624298095703125
2026-01-13 10:36:46,8,2,16,3,A*,8,8.605,240.0,8.0,0.07410693168640137
2026-01-13 10:36:46,8,2,16,3,ABO,8,3.99,240.0,16.0,7.3841001987457275
2026-01-13 10:36:46,8,2,16,3,FABO,8,16.39125,240.0,16.0,7.38309645652771
2026-01-13 10:36:46,8,2,16,3,Best Fit,8,4.605,240.0,8.0,0.0309751033782959
2026-01-13 10:36:46,8,2,16,3,First Fit,8,4.365,240.0,24.0,0.004278659820556641
2026-01-13 10:36:46,8,2,16,3,Energy-Aware A*,8,8.229999999999999,240.0,16.0,1.8314142227172852
2026-01-13 10:36:46,8,2,16,3,MILP_Gurobi,8,4.605,30.0,8.0,0.026352405548095703
2026-01-13 10:37:02,16,2,32,3,A*,16,10.21,480.0,16.0,0.1470954418182373
2026-01-13 10:37:02,16,2,32,3,ABO,16,4.98,480.0,32.0,14.743473052978516
2026-01-13 10:37:02,16,2,32,3,FABO,16,19.7225,480.0,32.0,14.924655199050903
2026-01-13 10:37:02,16,2,32,3,Best Fit,16,8.21,480.0,16.0,0.05869865417480469
2026-01-13 10:37:02,16,2,32,3,First Fit,16,8.45,480.0,48.0,0.007989168167114258
2026-01-13 10:37:02,16,2,32,3,Energy-Aware A*,16,9.46,480.0,32.0,3.6727685928344727
2026-01-13 10:37:02,16,2,32,3,MILP_Gurobi,16,8.15,90.0,48.0,0.07972145080566406
2026-01-13 10:37:36,32,2,64,3,A*,32,14.91,1200.0,40.0,0.2763502597808838
2026-01-13 10:37:36,32,2,64,3,ABO,32,19.17125,960.0,64.0,24.93897294998169
2026-01-13 10:37:36,32,2,64,3,FABO,32,23.696249999999996,960.0,64.0,28.433791160583496
2026-01-13 10:37:36,32,2,64,3,Best Fit,32,14.91,1200.0,40.0,0.10439634323120117
2026-01-13 10:37:36,32,2,64,3,First Fit,32,16.35,1920.0,112.0,0.01990962028503418
2026-01-13 10:37:36,32,2,64,3,Energy-Aware A*,32,11.92,960.0,64.0,7.051168203353882
2026-01-13 10:38:37,64,2,128,3,A*,48,24.600000000000005,2160.0,72.0,0.43068552017211914
2026-01-13 10:38:37,64,2,128,3,ABO,64,37.521874999999994,2340.0,158.0,38.866801500320435
2026-01-13 10:38:37,64,2,128,3,FABO,64,38.654999999999994,2280.0,156.0,48.16976022720337
2026-01-13 10:38:37,64,2,128,3,Best Fit,48,22.599999999999998,2160.0,72.0,0.18028640747070312
2026-01-13 10:38:37,64,2,128,3,First Fit,48,24.8,2640.0,136.0,0.06141400337219238
2026-01-13 10:38:37,64,2,128,3,Energy-Aware A*,64,23.389999999999997,2250.0,155.0,15.290289640426636
2026-01-13 10:40:20,128,2,256,3,A*,48,24.600000000000005,2160.0,72.0,0.5914449691772461
2026-01-13 10:40:20,128,2,256,3,ABO,102,56.12125,5010.0,339.0,43.58393383026123
2026-01-13 10:40:20,128,2,256,3,FABO,110,61.176249999999996,5730.0,378.0,54.89899921417236
2026-01-13 10:40:20,128,2,256,3,Best Fit,48,22.599999999999998,2160.0,72.0,0.3203470706939697
2026-01-13 10:40:20,128,2,256,3,First Fit,48,24.8,2640.0,136.0,0.15541768074035645
2026-01-13 10:40:20,128,2,256,3,Energy-Aware A*,108,45.7875,4500.0,318.0,20.322154998779297
2026-01-13 10:42:20,4,2,8,4,A*,4,7.802499999999999,120.0,4.0,0.03640937805175781
2026-01-13 10:42:20,4,2,8,4,ABO,4,3.495,120.0,8.0,3.562145709991455
2026-01-13 10:42:20,4,2,8,4,FABO,4,9.64875,120.0,8.0,3.5521554946899414
2026-01-13 10:42:20,4,2,8,4,Best Fit,4,3.8025,120.0,4.0,0.015074014663696289
2026-01-13 10:42:20,4,2,8,4,First Fit,4,3.6825,120.0,12.0,0.0022242069244384766
2026-01-13 10:42:20,4,2,8,4,Energy-Aware A*,4,7.614999999999999,120.0,8.0,0.8826413154602051
2026-01-13 10:42:20,4,2,8,4,MILP_Gurobi,4,3.8025,30.0,4.0,0.01648688316345215
2026-01-13 10:42:28,8,2,16,4,A*,8,8.605,240.0,8.0,0.07558393478393555
2026-01-13 10:42:28,8,2,16,4,ABO,8,3.99,240.0,16.0,7.372714042663574
2026-01-13 10:42:28,8,2,16,4,FABO,8,16.39125,240.0,16.0,7.360590696334839
2026-01-13 10:42:28,8,2,16,4,Best Fit,8,4.605,240.0,8.0,0.030971527099609375
2026-01-13 10:42:28,8,2,16,4,First Fit,8,4.365,240.0,24.0,0.004210233688354492
2026-01-13 10:42:28,8,2,16,4,Energy-Aware A*,8,8.229999999999999,240.0,16.0,1.8260178565979004
2026-01-13 10:42:28,8,2,16,4,MILP_Gurobi,8,4.605,30.0,8.0,0.027119159698486328
2026-01-13 10:42:45,16,2,32,4,A*,16,10.21,480.0,16.0,0.14824247360229492
2026-01-13 10:42:45,16,2,32,4,ABO,16,4.98,480.0,32.0,14.708160877227783
2026-01-13 10:42:45,16,2,32,4,FABO,16,19.7225,480.0,32.0,14.729548692703247
2026-01-13 10:42:45,16,2,32,4,Best Fit,16,8.21,480.0,16.0,0.05957794189453125
2026-01-13 10:42:45,16,2,32,4,First Fit,16,8.45,480.0,48.0,0.008559465408325195
2026-01-13 10:42:45,16,2,32,4,Energy-Aware A*,16,9.46,480.0,32.0,3.65690016746521
2026-01-13 10:42:45,16,2,32,4,MILP_Gurobi,16,8.15,90.0,48.0,0.07969021797180176
2026-01-13 10:43:18,32,2,64,4,A*,32,14.91,1200.0,40.0,0.2796354293823242
2026-01-13 10:43:18,32,2,64,4,ABO,32,19.17125,960.0,64.0,24.959301710128784
2026-01-13 10:43:18,32,2,64,4,FABO,32,23.696249999999996,960.0,64.0,28.47197437286377
2026-01-13 10:43:18,32,2,64,4,Best Fit,32,14.91,1200.0,40.0,0.10416221618652344
2026-01-13 10:43:18,32,2,64,4,First Fit,32,16.35,1920.0,112.0,0.019721031188964844
2026-01-13 10:43:18,32,2,64,4,Energy-Aware A*,32,11.92,960.0,64.0,7.041384220123291
2026-01-13 10:44:19,64,2,128,4,A*,48,24.600000000000005,2160.0,72.0,0.41918492317199707
2026-01-13 10:44:19,64,2,128,4,ABO,64,37.521874999999994,2340.0,158.0,38.71577525138855
2026-01-13 10:44:19,64,2,128,4,FABO,64,38.654999999999994,2280.0,156.0,48.01132559776306
2026-01-13 10:44:19,64,2,128,4,Best Fit,48,22.599999999999998,2160.0,72.0,0.18026208877563477
2026-01-13 10:44:19,64,2,128,4,First Fit,48,24.8,2640.0,136.0,0.060709476470947266
2026-01-13 10:44:19,64,2,128,4,Energy-Aware A*,64,23.389999999999997,2250.0,155.0,15.269190788269043
2026-01-13 10:46:02,128,2,256,4,A*,48,24.600000000000005,2160.0,72.0,0.586719274520874
2026-01-13 10:46:02,128,2,256,4,ABO,102,56.12125,5010.0,339.0,43.42062330245972
2026-01-13 10:46:02,128,2,256,4,FABO,110,61.176249999999996,5730.0,378.0,54.88996887207031
2026-01-13 10:46:02,128,2,256,4,Best Fit,48,22.599999999999998,2160.0,72.0,0.3145287036895752
2026-01-13 10:46:02,128,2,256,4,First Fit,48,24.8,2640.0,136.0,0.1568126678466797
2026-01-13 10:46:02,128,2,256,4,Energy-Aware A*,108,45.7875,4500.0,318.0,20.23038101196289
2026-01-13 10:48:02,4,2,8,5,A*,4,7.802499999999999,120.0,4.0,0.035726070404052734
2026-01-13 10:48:02,4,2,8,5,ABO,4,3.495,120.0,8.0,3.549257755279541
2026-01-13 10:48:02,4,2,8,5,FABO,4,9.64875,120.0,8.0,3.546426296234131
2026-01-13 10:48:02,4,2,8,5,Best Fit,4,3.8025,120.0,4.0,0.015168428421020508
2026-01-13 10:48:02,4,2,8,5,First Fit,4,3.6825,120.0,12.0,0.0022029876708984375
2026-01-13 10:48:02,4,2,8,5,Energy-Aware A*,4,7.614999999999999,120.0,8.0,0.8826348781585693
2026-01-13 10:48:02,4,2,8,5,MILP_Gurobi,4,3.8025,30.0,4.0,0.015200614929199219
2026-01-13 10:48:10,8,2,16,5,A*,8,8.605,240.0,8.0,0.07453346252441406
2026-01-13 10:48:10,8,2,16,5,ABO,8,3.99,240.0,16.0,7.359962224960327
2026-01-13 10:48:10,8,2,16,5,FABO,8,16.39125,240.0,16.0,7.308755159378052
2026-01-13 10:48:10,8,2,16,5,Best Fit,8,4.605,240.0,8.0,0.029619216918945312
2026-01-13 10:48:10,8,2,16,5,First Fit,8,4.365,240.0,24.0,0.004027843475341797
2026-01-13 10:48:10,8,2,16,5,Energy-Aware A*,8,8.229999999999999,240.0,16.0,1.7699205875396729
2026-01-13 10:48:10,8,2,16,5,MILP_Gurobi,8,4.605,30.0,8.0,0.02927112579345703
2026-01-13 10:48:27,16,2,32,5,A*,16,10.21,480.0,16.0,0.150559663772583
2026-01-13 10:48:27,16,2,32,5,ABO,16,4.98,480.0,32.0,14.737560272216797
2026-01-13 10:48:27,16,2,32,5,FABO,16,19.7225,480.0,32.0,14.756156921386719
2026-01-13 10:48:27,16,2,32,5,Best Fit,16,8.21,480.0,16.0,0.06310391426086426
2026-01-13 10:48:27,16,2,32,5,First Fit,16,8.45,480.0,48.0,0.008649826049804688
2026-01-13 10:48:27,16,2,32,5,Energy-Aware A*,16,9.46,480.0,32.0,3.6499671936035156
2026-01-13 10:48:27,16,2,32,5,MILP_Gurobi,16,8.15,90.0,48.0,0.07991170883178711
2026-01-13 10:49:00,32,2,64,5,A*,32,14.91,1200.0,40.0,0.2758924961090088
2026-01-13 10:49:00,32,2,64,5,ABO,32,19.17125,960.0,64.0,25.06043004989624
2026-01-13 10:49:00,32,2,64,5,FABO,32,23.696249999999996,960.0,64.0,28.439091444015503
2026-01-13 10:49:00,32,2,64,5,Best Fit,32,14.91,1200.0,40.0,0.10421133041381836
2026-01-13 10:49:00,32,2,64,5,First Fit,32,16.35,1920.0,112.0,0.019652605056762695
2026-01-13 10:49:00,32,2,64,5,Energy-Aware A*,32,11.92,960.0,64.0,7.053982257843018
2026-01-13 10:50:01,64,2,128,5,A*,48,24.600000000000005,2160.0,72.0,0.4184877872467041
2026-01-13 10:50:01,64,2,128,5,ABO,64,37.521874999999994,2340.0,158.0,38.980899810791016
2026-01-13 10:50:01,64,2,128,5,FABO,64,38.654999999999994,2280.0,156.0,48.10144329071045
2026-01-13 10:50:01,64,2,128,5,Best Fit,48,22.599999999999998,2160.0,72.0,0.17897343635559082
2026-01-13 10:50:01,64,2,128,5,First Fit,48,24.8,2640.0,136.0,0.05962419509887695
2026-01-13 10:50:01,64,2,128,5,Energy-Aware A*,64,23.389999999999997,2250.0,155.0,15.236098051071167
2026-01-13 10:51:44,128,2,256,5,A*,48,24.600000000000005,2160.0,72.0,0.5852158069610596
2026-01-13 10:51:44,128,2,256,5,ABO,102,56.12125,5010.0,339.0,43.43747115135193
2026-01-13 10:51:44,128,2,256,5,FABO,110,61.176249999999996,5730.0,378.0,54.88099789619446
2026-01-13 10:51:44,128,2,256,5,Best Fit,48,22.599999999999998,2160.0,72.0,0.31931519508361816
2026-01-13 10:51:44,128,2,256,5,First Fit,48,24.8,2640.0,136.0,0.15622401237487793
2026-01-13 10:51:44,128,2,256,5,Energy-Aware A*,108,45.7875,4500.0,318.0,20.217450618743896
2026-01-13 10:53:44,4,3,12,1,A*,4,14.6675,280.0,8.0,0.18281984329223633
2026-01-13 10:53:44,4,3,12,1,ABO,4,14.122499999999999,280.0,12.0,14.193717002868652
2026-01-13 10:53:44,4,3,12,1,FABO,4,14.02875,280.0,12.0,13.504052639007568
2026-01-13 10:53:44,4,3,12,1,Best Fit,4,6.2125,280.0,8.0,0.021863698959350586
2026-01-13 10:53:44,4,3,12,1,First Fit,4,8.4825,440.0,20.0,0.0028846263885498047
2026-01-13 10:53:44,4,3,12,1,Energy-Aware A*,4,7.2250000000000005,440.0,16.0,6.370715856552124
2026-01-13 10:53:44,4,3,12,1,MILP_Gurobi,4,6.9625,70.0,8.0,0.03583407402038574
2026-01-13 10:54:19,8,3,24,1,A*,8,19.482499999999998,560.0,16.0,0.37899208068847656
2026-01-13 10:54:19,8,3,24,1,ABO,8,16.245,560.0,24.0,28.615713357925415
2026-01-13 10:54:19,8,3,24,1,FABO,8,17.15125,560.0,24.0,25.713557243347168
2026-01-13 10:54:19,8,3,24,1,Best Fit,8,7.425000000000001,560.0,16.0,0.04351615905761719
2026-01-13 10:54:19,8,3,24,1,First Fit,8,12.485000000000001,720.0,36.0,0.005565166473388672
2026-01-13 10:54:19,8,3,24,1,Energy-Aware A*,8,8.450000000000001,880.0,32.0,12.861490726470947
2026-01-13 10:54:19,8,3,24,1,MILP_Gurobi,8,8.905000000000001,100.0,24.0,0.03824663162231445
2026-01-13 10:55:26,16,3,48,1,A*,16,24.88499999999999,1120.0,32.0,0.7260620594024658
2026-01-13 10:55:26,16,3,48,1,ABO,16,25.598749999999995,1350.0,54.0,47.83390831947327
2026-01-13 10:55:26,16,3,48,1,FABO,16,31.556249999999988,1320.0,53.0,45.70770049095154
2026-01-13 10:55:26,16,3,48,1,Best Fit,16,17.51,1120.0,32.0,0.07905220985412598
2026-01-13 10:55:26,16,3,48,1,First Fit,16,19.950000000000003,1760.0,84.0,0.010376691818237305
2026-01-13 10:55:26,16,3,48,1,Energy-Aware A*,16,18.21,1920.0,68.0,24.825085401535034
2026-01-13 10:55:26,16,3,48,1,MILP_Gurobi,16,14.890000000000002,100.0,48.0,0.16231298446655273
2026-01-13 10:57:26,32,3,96,1,A*,32,38.14,2600.0,75.0,1.0337390899658203
2026-01-13 10:57:26,32,3,96,1,ABO,32,49.43062499999998,3230.0,137.0,61.56290340423584
2026-01-13 10:57:26,32,3,96,1,FABO,32,52.88999999999999,2980.0,129.0,63.97735786437988
2026-01-13 10:57:26,32,3,96,1,Best Fit,30,34.50125,2360.0,68.0,0.12180113792419434
2026-01-13 10:57:26,32,3,96,1,First Fit,32,40.46,3600.0,136.0,0.02667856216430664
2026-01-13 10:57:26,32,3,96,1,Energy-Aware A*,32,46.206249999999976,3840.0,142.0,34.53829860687256
2026-01-13 11:00:07,64,3,192,1,A*,42,49.183749999999996,4300.0,125.0,1.0981109142303467
2026-01-13 11:00:07,64,3,192,1,ABO,41,62.144375,5110.0,217.0,65.47708129882812
2026-01-13 11:00:07,64,3,192,1,FABO,46,63.99125,5800.0,253.0,65.88231563568115
2026-01-13 11:00:07,64,3,192,1,Best Fit,30,34.50125,2360.0,68.0,0.17008709907531738
2026-01-13 11:00:07,64,3,192,1,First Fit,36,47.76749999999999,4280.0,156.0,0.056691884994506836
2026-01-13 11:00:07,64,3,192,1,Energy-Aware A*,46,63.8375,5970.0,235.0,36.94168162345886
2026-01-13 11:02:57,128,3,384,1,A*,42,49.183749999999996,4300.0,125.0,1.1257894039154053
2026-01-13 11:02:57,128,3,384,1,ABO,41,62.144375,5110.0,217.0,68.46101331710815
2026-01-13 11:02:57,128,3,384,1,FABO,46,63.99125,5800.0,253.0,67.33481931686401
2026-01-13 11:02:57,128,3,384,1,Best Fit,30,34.50125,2360.0,68.0,0.2726023197174072
2026-01-13 11:02:57,128,3,384,1,First Fit,36,47.76749999999999,4280.0,156.0,0.11333847045898438
2026-01-13 11:02:57,128,3,384,1,Energy-Aware A*,46,63.8375,5970.0,235.0,37.68897008895874
2026-01-13 11:05:52,4,3,12,2,A*,4,14.6675,280.0,8.0,0.18679118156433105
2026-01-13 11:05:52,4,3,12,2,ABO,4,14.122499999999999,280.0,12.0,14.285093545913696
2026-01-13 11:05:52,4,3,12,2,FABO,4,14.02875,280.0,12.0,13.585911750793457
2026-01-13 11:05:52,4,3,12,2,Best Fit,4,6.2125,280.0,8.0,0.02140522003173828
2026-01-13 11:05:52,4,3,12,2,First Fit,4,8.4825,440.0,20.0,0.002890348434448242
2026-01-13 11:05:52,4,3,12,2,Energy-Aware A*,4,7.2250000000000005,440.0,16.0,6.40177583694458
2026-01-13 11:05:52,4,3,12,2,MILP_Gurobi,4,6.9625,70.0,8.0,0.035157203674316406
2026-01-13 11:06:27,8,3,24,2,A*,8,19.482499999999998,560.0,16.0,0.3806295394897461
2026-01-13 11:06:27,8,3,24,2,ABO,8,16.245,560.0,24.0,28.815850257873535
2026-01-13 11:06:27,8,3,24,2,FABO,8,17.15125,560.0,24.0,25.912930488586426
2026-01-13 11:06:27,8,3,24,2,Best Fit,8,7.425000000000001,560.0,16.0,0.044675350189208984
2026-01-13 11:06:27,8,3,24,2,First Fit,8,12.485000000000001,720.0,36.0,0.005759477615356445
2026-01-13 11:06:27,8,3,24,2,Energy-Aware A*,8,8.450000000000001,880.0,32.0,12.88433289527893
2026-01-13 11:06:27,8,3,24,2,MILP_Gurobi,8,8.905000000000001,100.0,24.0,0.03813791275024414
2026-01-13 11:07:35,16,3,48,2,A*,16,24.88499999999999,1120.0,32.0,0.7321121692657471
2026-01-13 11:07:35,16,3,48,2,ABO,16,25.598749999999995,1350.0,54.0,48.06050705909729
2026-01-13 11:07:35,16,3,48,2,FABO,16,31.556249999999988,1320.0,53.0,45.66967177391052
2026-01-13 11:07:35,16,3,48,2,Best Fit,16,17.51,1120.0,32.0,0.07879805564880371
2026-01-13 11:07:35,16,3,48,2,First Fit,16,19.950000000000003,1760.0,84.0,0.010102033615112305
2026-01-13 11:07:35,16,3,48,2,Energy-Aware A*,16,18.21,1920.0,68.0,24.88547945022583
2026-01-13 11:07:35,16,3,48,2,MILP_Gurobi,16,14.890000000000002,100.0,48.0,0.16730523109436035
2026-01-13 11:09:34,32,3,96,2,A*,32,38.14,2600.0,75.0,1.028306007385254
2026-01-13 11:09:34,32,3,96,2,ABO,32,49.43062499999998,3230.0,137.0,61.71083331108093
2026-01-13 11:09:34,32,3,96,2,FABO,32,52.88999999999999,2980.0,129.0,64.28744673728943
2026-01-13 11:09:34,32,3,96,2,Best Fit,30,34.50125,2360.0,68.0,0.11963152885437012
2026-01-13 11:09:34,32,3,96,2,First Fit,32,40.46,3600.0,136.0,0.02625131607055664
2026-01-13 11:09:34,32,3,96,2,Energy-Aware A*,32,46.206249999999976,3840.0,142.0,34.452879428863525
2026-01-13 11:12:16,64,3,192,2,A*,42,49.183749999999996,4300.0,125.0,1.0909099578857422
2026-01-13 11:12:16,64,3,192,2,ABO,41,62.144375,5110.0,217.0,65.44579792022705
2026-01-13 11:12:16,64,3,192,2,FABO,46,63.99125,5800.0,253.0,65.92586541175842
2026-01-13 11:12:16,64,3,192,2,Best Fit,30,34.50125,2360.0,68.0,0.1676197052001953
2026-01-13 11:12:16,64,3,192,2,First Fit,36,47.76749999999999,4280.0,156.0,0.055763959884643555
2026-01-13 11:12:16,64,3,192,2,Energy-Aware A*,46,63.8375,5970.0,235.0,36.99056100845337
2026-01-13 11:15:06,128,3,384,2,A*,42,49.183749999999996,4300.0,125.0,1.1367907524108887
2026-01-13 11:15:06,128,3,384,2,ABO,41,62.144375,5110.0,217.0,68.57747030258179
2026-01-13 11:15:06,128,3,384,2,FABO,46,63.99125,5800.0,253.0,67.257004737854
2026-01-13 11:15:06,128,3,384,2,Best Fit,30,34.50125,2360.0,68.0,0.27297425270080566
2026-01-13 11:15:06,128,3,384,2,First Fit,36,47.76749999999999,4280.0,156.0,0.1146860122680664
2026-01-13 11:15:06,128,3,384,2,Energy-Aware A*,46,63.8375,5970.0,235.0,37.71658158302307
2026-01-13 11:18:01,4,3,12,3,A*,4,14.6675,280.0,8.0,0.18349218368530273
2026-01-13 11:18:01,4,3,12,3,ABO,4,14.122499999999999,280.0,12.0,14.277329206466675
2026-01-13 11:18:01,4,3,12,3,FABO,4,14.02875,280.0,12.0,13.590699911117554
2026-01-13 11:18:01,4,3,12,3,Best Fit,4,6.2125,280.0,8.0,0.02103114128112793
2026-01-13 11:18:01,4,3,12,3,First Fit,4,8.4825,440.0,20.0,0.0028777122497558594
2026-01-13 11:18:01,4,3,12,3,Energy-Aware A*,4,7.2250000000000005,440.0,16.0,6.41262674331665
2026-01-13 11:18:01,4,3,12,3,MILP_Gurobi,4,6.9625,70.0,8.0,0.03545236587524414
2026-01-13 11:18:36,8,3,24,3,A*,8,19.482499999999998,560.0,16.0,0.3893249034881592
2026-01-13 11:18:36,8,3,24,3,ABO,8,16.245,560.0,24.0,28.809159994125366
2026-01-13 11:18:36,8,3,24,3,FABO,8,17.15125,560.0,24.0,25.89944839477539
2026-01-13 11:18:36,8,3,24,3,Best Fit,8,7.425000000000001,560.0,16.0,0.045944929122924805
2026-01-13 11:18:36,8,3,24,3,First Fit,8,12.485000000000001,720.0,36.0,0.005750179290771484
2026-01-13 11:18:36,8,3,24,3,Energy-Aware A*,8,8.450000000000001,880.0,32.0,12.96005892753601
2026-01-13 11:18:36,8,3,24,3,MILP_Gurobi,8,8.905000000000001,100.0,24.0,0.03861379623413086
2026-01-13 11:19:44,16,3,48,3,A*,16,24.88499999999999,1120.0,32.0,0.7364318370819092
2026-01-13 11:19:44,16,3,48,3,ABO,16,25.598749999999995,1350.0,54.0,48.20090436935425
2026-01-13 11:19:44,16,3,48,3,FABO,16,31.556249999999988,1320.0,53.0,46.04721164703369
2026-01-13 11:19:44,16,3,48,3,Best Fit,16,17.51,1120.0,32.0,0.0806424617767334
2026-01-13 11:19:44,16,3,48,3,First Fit,16,19.950000000000003,1760.0,84.0,0.010555267333984375
2026-01-13 11:19:44,16,3,48,3,Energy-Aware A*,16,18.21,1920.0,68.0,24.895349979400635
2026-01-13 11:19:44,16,3,48,3,MILP_Gurobi,16,14.890000000000002,100.0,48.0,0.16441679000854492
2026-01-13 11:21:44,32,3,96,3,A*,32,38.14,2600.0,75.0,1.0473380088806152
2026-01-13 11:21:44,32,3,96,3,ABO,32,49.43062499999998,3230.0,137.0,61.66897702217102
2026-01-13 11:21:44,32,3,96,3,FABO,32,52.88999999999999,2980.0,129.0,64.08423662185669
2026-01-13 11:21:44,32,3,96,3,Best Fit,30,34.50125,2360.0,68.0,0.1218409538269043
2026-01-13 11:21:44,32,3,96,3,First Fit,32,40.46,3600.0,136.0,0.026484966278076172
2026-01-13 11:21:44,32,3,96,3,Energy-Aware A*,32,46.206249999999976,3840.0,142.0,34.54293704032898
2026-01-13 11:24:26,64,3,192,3,A*,42,49.183749999999996,4300.0,125.0,1.1092846393585205
2026-01-13 11:24:26,64,3,192,3,ABO,41,62.144375,5110.0,217.0,65.41670060157776
2026-01-13 11:24:26,64,3,192,3,FABO,46,63.99125,5800.0,253.0,66.0376079082489
2026-01-13 11:24:26,64,3,192,3,Best Fit,30,34.50125,2360.0,68.0,0.17551326751708984
2026-01-13 11:24:26,64,3,192,3,First Fit,36,47.76749999999999,4280.0,156.0,0.058576107025146484
2026-01-13 11:24:26,64,3,192,3,Energy-Aware A*,46,63.8375,5970.0,235.0,37.17742562294006
2026-01-13 11:27:16,128,3,384,3,A*,42,49.183749999999996,4300.0,125.0,1.1496574878692627
2026-01-13 11:27:16,128,3,384,3,ABO,41,62.144375,5110.0,217.0,69.09760403633118
2026-01-13 11:27:16,128,3,384,3,FABO,46,63.99125,5800.0,253.0,67.56419372558594
2026-01-13 11:27:16,128,3,384,3,Best Fit,30,34.50125,2360.0,68.0,0.27588987350463867
2026-01-13 11:27:16,128,3,384,3,First Fit,36,47.76749999999999,4280.0,156.0,0.11538934707641602
2026-01-13 11:27:16,128,3,384,3,Energy-Aware A*,46,63.8375,5970.0,235.0,37.9844024181366
2026-01-13 11:30:13,4,3,12,4,A*,4,14.6675,280.0,8.0,0.195267915725708
2026-01-13 11:30:13,4,3,12,4,ABO,4,14.122499999999999,280.0,12.0,14.321430206298828
2026-01-13 11:30:13,4,3,12,4,FABO,4,14.02875,280.0,12.0,13.568252325057983
2026-01-13 11:30:13,4,3,12,4,Best Fit,4,6.2125,280.0,8.0,0.02144169807434082
2026-01-13 11:30:13,4,3,12,4,First Fit,4,8.4825,440.0,20.0,0.002788066864013672
2026-01-13 11:30:13,4,3,12,4,Energy-Aware A*,4,7.2250000000000005,440.0,16.0,6.426536798477173
2026-01-13 11:30:13,4,3,12,4,MILP_Gurobi,4,6.9625,70.0,8.0,0.036329030990600586
2026-01-13 11:30:47,8,3,24,4,A*,8,19.482499999999998,560.0,16.0,0.3886702060699463
2026-01-13 11:30:47,8,3,24,4,ABO,8,16.245,560.0,24.0,28.792674779891968
2026-01-13 11:30:47,8,3,24,4,FABO,8,17.15125,560.0,24.0,25.236726760864258
2026-01-13 11:30:47,8,3,24,4,Best Fit,8,7.425000000000001,560.0,16.0,0.04326939582824707
2026-01-13 11:30:47,8,3,24,4,First Fit,8,12.485000000000001,720.0,36.0,0.0053904056549072266
2026-01-13 11:30:47,8,3,24,4,Energy-Aware A*,8,8.450000000000001,880.0,32.0,12.898077726364136
2026-01-13 11:30:47,8,3,24,4,MILP_Gurobi,8,8.905000000000001,100.0,24.0,0.041460275650024414
2026-01-13 11:31:55,16,3,48,4,A*,16,24.88499999999999,1120.0,32.0,0.7395610809326172
2026-01-13 11:31:55,16,3,48,4,ABO,16,25.598749999999995,1350.0,54.0,48.00028944015503
2026-01-13 11:31:55,16,3,48,4,FABO,16,31.556249999999988,1320.0,53.0,45.76423907279968
2026-01-13 11:31:55,16,3,48,4,Best Fit,16,17.51,1120.0,32.0,0.08086037635803223
2026-01-13 11:31:55,16,3,48,4,First Fit,16,19.950000000000003,1760.0,84.0,0.01052236557006836
2026-01-13 11:31:55,16,3,48,4,Energy-Aware A*,16,18.21,1920.0,68.0,24.90632700920105
2026-01-13 11:31:55,16,3,48,4,MILP_Gurobi,16,14.890000000000002,100.0,48.0,0.16516947746276855
2026-01-13 11:33:54,32,3,96,4,A*,32,38.14,2600.0,75.0,1.0461375713348389
2026-01-13 11:33:54,32,3,96,4,ABO,32,49.43062499999998,3230.0,137.0,61.689616680145264
2026-01-13 11:33:54,32,3,96,4,FABO,32,52.88999999999999,2980.0,129.0,64.16777348518372
2026-01-13 11:33:54,32,3,96,4,Best Fit,30,34.50125,2360.0,68.0,0.11981487274169922
2026-01-13 11:33:54,32,3,96,4,First Fit,32,40.46,3600.0,136.0,0.02646803855895996
2026-01-13 11:33:54,32,3,96,4,Energy-Aware A*,32,46.206249999999976,3840.0,142.0,34.61968016624451
2026-01-13 11:36:36,64,3,192,4,A*,42,49.183749999999996,4300.0,125.0,1.0980901718139648
2026-01-13 11:36:36,64,3,192,4,ABO,41,62.144375,5110.0,217.0,65.40738129615784
2026-01-13 11:36:36,64,3,192,4,FABO,46,63.99125,5800.0,253.0,65.998788356781
2026-01-13 11:36:36,64,3,192,4,Best Fit,30,34.50125,2360.0,68.0,0.16838908195495605
2026-01-13 11:36:36,64,3,192,4,First Fit,36,47.76749999999999,4280.0,156.0,0.05660104751586914
2026-01-13 11:36:36,64,3,192,4,Energy-Aware A*,46,63.8375,5970.0,235.0,36.98163604736328
2026-01-13 11:39:26,128,3,384,4,A*,42,49.183749999999996,4300.0,125.0,1.139378309249878
2026-01-13 11:39:26,128,3,384,4,ABO,41,62.144375,5110.0,217.0,68.62444734573364
2026-01-13 11:39:26,128,3,384,4,FABO,46,63.99125,5800.0,253.0,67.34179186820984
2026-01-13 11:39:26,128,3,384,4,Best Fit,30,34.50125,2360.0,68.0,0.26929330825805664
2026-01-13 11:39:26,128,3,384,4,First Fit,36,47.76749999999999,4280.0,156.0,0.11294198036193848
2026-01-13 11:39:26,128,3,384,4,Energy-Aware A*,46,63.8375,5970.0,235.0,37.730873107910156
2026-01-13 11:42:22,4,3,12,5,A*,4,14.6675,280.0,8.0,0.18384027481079102
2026-01-13 11:42:22,4,3,12,5,ABO,4,14.122499999999999,280.0,12.0,14.279791355133057
2026-01-13 11:42:22,4,3,12,5,FABO,4,14.02875,280.0,12.0,13.569337844848633
2026-01-13 11:42:22,4,3,12,5,Best Fit,4,6.2125,280.0,8.0,0.021333932876586914
2026-01-13 11:42:22,4,3,12,5,First Fit,4,8.4825,440.0,20.0,0.0028162002563476562
2026-01-13 11:42:22,4,3,12,5,Energy-Aware A*,4,7.2250000000000005,440.0,16.0,6.456104516983032
2026-01-13 11:42:22,4,3,12,5,MILP_Gurobi,4,6.9625,70.0,8.0,0.03515505790710449
2026-01-13 11:42:56,8,3,24,5,A*,8,19.482499999999998,560.0,16.0,0.3803572654724121
2026-01-13 11:42:56,8,3,24,5,ABO,8,16.245,560.0,24.0,28.716177463531494
2026-01-13 11:42:56,8,3,24,5,FABO,8,17.15125,560.0,24.0,25.89525532722473
2026-01-13 11:42:56,8,3,24,5,Best Fit,8,7.425000000000001,560.0,16.0,0.04406476020812988
2026-01-13 11:42:56,8,3,24,5,First Fit,8,12.485000000000001,720.0,36.0,0.005588054656982422
2026-01-13 11:42:56,8,3,24,5,Energy-Aware A*,8,8.450000000000001,880.0,32.0,12.836761236190796
2026-01-13 11:42:56,8,3,24,5,MILP_Gurobi,8,8.905000000000001,100.0,24.0,0.03852486610412598
2026-01-13 11:44:04,16,3,48,5,A*,16,24.88499999999999,1120.0,32.0,0.7291204929351807
2026-01-13 11:44:04,16,3,48,5,ABO,16,25.598749999999995,1350.0,54.0,47.94715642929077
2026-01-13 11:44:04,16,3,48,5,FABO,16,31.556249999999988,1320.0,53.0,45.86666226387024
2026-01-13 11:44:04,16,3,48,5,Best Fit,16,17.51,1120.0,32.0,0.07975029945373535
2026-01-13 11:44:04,16,3,48,5,First Fit,16,19.950000000000003,1760.0,84.0,0.010548830032348633
2026-01-13 11:44:04,16,3,48,5,Energy-Aware A*,16,18.21,1920.0,68.0,24.848753213882446
2026-01-13 11:44:04,16,3,48,5,MILP_Gurobi,16,14.890000000000002,100.0,48.0,0.16669726371765137
2026-01-13 11:46:04,32,3,96,5,A*,32,38.14,2600.0,75.0,1.0253539085388184
2026-01-13 11:46:04,32,3,96,5,ABO,32,49.43062499999998,3230.0,137.0,61.534260988235474
2026-01-13 11:46:04,32,3,96,5,FABO,32,52.88999999999999,2980.0,129.0,63.941466093063354
2026-01-13 11:46:04,32,3,96,5,Best Fit,30,34.50125,2360.0,68.0,0.12018299102783203
2026-01-13 11:46:04,32,3,96,5,First Fit,32,40.46,3600.0,136.0,0.02704906463623047
2026-01-13 11:46:04,32,3,96,5,Energy-Aware A*,32,46.206249999999976,3840.0,142.0,34.50242900848389
2026-01-13 11:48:45,64,3,192,5,A*,42,49.183749999999996,4300.0,125.0,1.0891242027282715
2026-01-13 11:48:45,64,3,192,5,ABO,41,62.144375,5110.0,217.0,65.72216844558716
2026-01-13 11:48:45,64,3,192,5,FABO,46,63.99125,5800.0,253.0,66.19757056236267
2026-01-13 11:48:45,64,3,192,5,Best Fit,30,34.50125,2360.0,68.0,0.1705477237701416
2026-01-13 11:48:45,64,3,192,5,First Fit,36,47.76749999999999,4280.0,156.0,0.05671405792236328
2026-01-13 11:48:45,64,3,192,5,Energy-Aware A*,46,63.8375,5970.0,235.0,37.154582500457764
2026-01-13 11:51:36,128,3,384,5,A*,42,49.183749999999996,4300.0,125.0,1.1327085494995117
2026-01-13 11:51:36,128,3,384,5,ABO,41,62.144375,5110.0,217.0,68.75239968299866
2026-01-13 11:51:36,128,3,384,5,FABO,46,63.99125,5800.0,253.0,67.45049238204956
2026-01-13 11:51:36,128,3,384,5,Best Fit,30,34.50125,2360.0,68.0,0.26671743392944336
2026-01-13 11:51:36,128,3,384,5,First Fit,36,47.76749999999999,4280.0,156.0,0.1162254810333252
2026-01-13 11:51:36,128,3,384,5,Energy-Aware A*,46,63.8375,5970.0,235.0,37.89006495475769
2026-01-13 11:54:32,4,4,16,1,A*,4,22.563750000000002,480.0,12.0,0.7761273384094238
2026-01-13 11:54:32,4,4,16,1,ABO,4,21.409999999999997,480.0,16.0,52.12211060523987
2026-01-13 11:54:32,4,4,16,1,FABO,4,23.4975,480.0,16.0,49.245158433914185
2026-01-13 11:54:32,4,4,16,1,Best Fit,4,13.4125,580.0,14.0,0.02653336524963379
2026-01-13 11:54:32,4,4,16,1,First Fit,4,14.5825,740.0,26.0,0.003472566604614258
2026-01-13 11:54:32,4,4,16,1,Energy-Aware A*,4,11.749999999999998,800.0,24.0,20.979451179504395
2026-01-13 11:54:32,4,4,16,1,MILP_Gurobi,4,9.6975,120.0,12.0,0.02922677993774414
2026-01-13 11:56:35,8,4,32,1,A*,8,31.13499999999999,960.0,24.0,1.4533758163452148
2026-01-13 11:56:35,8,4,32,1,ABO,8,29.282500000000006,960.0,32.0,94.81441831588745
2026-01-13 11:56:35,8,4,32,1,FABO,8,31.42,960.0,32.0,84.1543173789978
2026-01-13 11:56:35,8,4,32,1,Best Fit,8,20.431250000000006,1310.0,31.0,0.05319094657897949
2026-01-13 11:56:35,8,4,32,1,First Fit,8,24.727500000000006,1310.0,48.0,0.006689548492431641
2026-01-13 11:56:35,8,4,32,1,Energy-Aware A*,8,22.659999999999997,1520.0,48.0,37.79406189918518
2026-01-13 11:56:35,8,4,32,1,MILP_Gurobi,8,15.195000000000002,160.0,32.0,0.08007144927978516
2026-01-13 12:00:13,16,4,64,1,A*,16,45.02000000000001,2140.0,53.0,1.9860365390777588
2026-01-13 12:00:13,16,4,64,1,ABO,16,51.629374999999996,2260.0,74.0,127.48985242843628
2026-01-13 12:00:13,16,4,64,1,FABO,16,50.561874999999986,2390.0,79.0,118.82537984848022
2026-01-13 12:00:13,16,4,64,1,Best Fit,15,41.618125,2200.0,53.0,0.09065556526184082
2026-01-13 12:00:13,16,4,64,1,First Fit,16,47.785000000000004,2970.0,107.0,0.013169288635253906
2026-01-13 12:00:13,16,4,64,1,Energy-Aware A*,16,50.511250000000004,3030.0,95.0,50.719247579574585
2026-01-13 12:05:12,32,4,128,1,A*,18,49.86125000000001,2620.0,65.0,2.0444822311401367
2026-01-13 12:05:12,32,4,128,1,ABO,17,56.36312499999998,2560.0,84.0,130.35707306861877
2026-01-13 12:05:12,32,4,128,1,FABO,18,52.42624999999998,3100.0,102.0,122.67674589157104
2026-01-13 12:05:12,32,4,128,1,Best Fit,15,41.618125,2200.0,53.0,0.13188505172729492
2026-01-13 12:05:12,32,4,128,1,First Fit,17,50.751875000000005,3250.0,114.0,0.030045270919799805
2026-01-13 12:05:12,32,4,128,1,Energy-Aware A*,24,61.18124999999999,5380.0,159.0,56.02976083755493
2026-01-13 12:10:24,64,4,256,1,A*,18,49.86125000000001,2620.0,65.0,2.1319050788879395
2026-01-13 12:10:24,64,4,256,1,ABO,17,56.36312499999998,2560.0,84.0,133.7550482749939
2026-01-13 12:10:24,64,4,256,1,FABO,18,52.42624999999998,3100.0,102.0,126.22541761398315
2026-01-13 12:10:24,64,4,256,1,Best Fit,15,41.618125,2200.0,53.0,0.21958303451538086
2026-01-13 12:10:24,64,4,256,1,First Fit,17,50.751875000000005,3250.0,114.0,0.06662273406982422
2026-01-13 12:10:24,64,4,256,1,Energy-Aware A*,24,61.18124999999999,5380.0,159.0,57.37090086936951
2026-01-13 12:15:44,128,4,512,1,A*,18,49.86125000000001,2620.0,65.0,2.328169107437134
2026-01-13 12:15:44,128,4,512,1,ABO,17,56.36312499999998,2560.0,84.0,140.48448419570923
2026-01-13 12:15:44,128,4,512,1,FABO,18,52.42624999999998,3100.0,102.0,132.9490623474121
2026-01-13 12:15:44,128,4,512,1,Best Fit,15,41.618125,2200.0,53.0,0.37943100929260254
2026-01-13 12:15:44,128,4,512,1,First Fit,17,50.751875000000005,3250.0,114.0,0.1359844207763672
2026-01-13 12:15:44,128,4,512,1,Energy-Aware A*,24,61.18124999999999,5380.0,159.0,59.58638668060303
2026-01-13 12:21:20,4,4,16,2,A*,4,22.563750000000002,480.0,12.0,0.7271361351013184
2026-01-13 12:21:20,4,4,16,2,ABO,4,21.409999999999997,480.0,16.0,51.99063968658447
2026-01-13 12:21:20,4,4,16,2,FABO,4,23.4975,480.0,16.0,49.21809363365173
2026-01-13 12:21:20,4,4,16,2,Best Fit,4,13.4125,580.0,14.0,0.027205705642700195
2026-01-13 12:21:20,4,4,16,2,First Fit,4,14.5825,740.0,26.0,0.003624439239501953
2026-01-13 12:21:20,4,4,16,2,Energy-Aware A*,4,11.749999999999998,800.0,24.0,20.948222875595093
2026-01-13 12:21:20,4,4,16,2,MILP_Gurobi,4,9.6975,120.0,12.0,0.029027462005615234
2026-01-13 12:23:23,8,4,32,2,A*,8,31.13499999999999,960.0,24.0,1.4603862762451172
2026-01-13 12:23:23,8,4,32,2,ABO,8,29.282500000000006,960.0,32.0,94.6088752746582
2026-01-13 12:23:23,8,4,32,2,FABO,8,31.42,960.0,32.0,83.88040137290955
2026-01-13 12:23:23,8,4,32,2,Best Fit,8,20.431250000000006,1310.0,31.0,0.05431175231933594
2026-01-13 12:23:23,8,4,32,2,First Fit,8,24.727500000000006,1310.0,48.0,0.006619691848754883
2026-01-13 12:23:23,8,4,32,2,Energy-Aware A*,8,22.659999999999997,1520.0,48.0,37.72459316253662
2026-01-13 12:23:23,8,4,32,2,MILP_Gurobi,8,15.195000000000002,160.0,32.0,0.07526850700378418
2026-01-13 12:27:01,16,4,64,2,A*,16,45.02000000000001,2140.0,53.0,1.9888060092926025
2026-01-13 12:27:01,16,4,64,2,ABO,16,51.629374999999996,2260.0,74.0,127.48653745651245
2026-01-13 12:27:01,16,4,64,2,FABO,16,50.561874999999986,2390.0,79.0,118.76378297805786
2026-01-13 12:27:01,16,4,64,2,Best Fit,15,41.618125,2200.0,53.0,0.09362125396728516
2026-01-13 12:27:01,16,4,64,2,First Fit,16,47.785000000000004,2970.0,107.0,0.013444185256958008
2026-01-13 12:27:01,16,4,64,2,Energy-Aware A*,16,50.511250000000004,3030.0,95.0,50.806761026382446
2026-01-13 12:32:00,32,4,128,2,A*,18,49.86125000000001,2620.0,65.0,2.0603525638580322
2026-01-13 12:32:00,32,4,128,2,ABO,17,56.36312499999998,2560.0,84.0,130.0087206363678
2026-01-13 12:32:00,32,4,128,2,FABO,18,52.42624999999998,3100.0,102.0,122.34364438056946
2026-01-13 12:32:00,32,4,128,2,Best Fit,15,41.618125,2200.0,53.0,0.13379597663879395
2026-01-13 12:32:00,32,4,128,2,First Fit,17,50.751875000000005,3250.0,114.0,0.030759572982788086
2026-01-13 12:32:00,32,4,128,2,Energy-Aware A*,24,61.18124999999999,5380.0,159.0,56.03006601333618
2026-01-13 12:37:11,64,4,256,2,A*,18,49.86125000000001,2620.0,65.0,2.152730703353882
2026-01-13 12:37:11,64,4,256,2,ABO,17,56.36312499999998,2560.0,84.0,133.2087140083313
2026-01-13 12:37:11,64,4,256,2,FABO,18,52.42624999999998,3100.0,102.0,125.62768793106079
2026-01-13 12:37:11,64,4,256,2,Best Fit,15,41.618125,2200.0,53.0,0.21012401580810547
2026-01-13 12:37:11,64,4,256,2,First Fit,17,50.751875000000005,3250.0,114.0,0.06415700912475586
2026-01-13 12:37:11,64,4,256,2,Energy-Aware A*,24,61.18124999999999,5380.0,159.0,57.132089376449585
2026-01-13 12:42:29,128,4,512,2,A*,18,49.86125000000001,2620.0,65.0,2.3173348903656006
2026-01-13 12:42:29,128,4,512,2,ABO,17,56.36312499999998,2560.0,84.0,140.60535407066345
2026-01-13 12:42:29,128,4,512,2,FABO,18,52.42624999999998,3100.0,102.0,132.82004165649414
2026-01-13 12:42:29,128,4,512,2,Best Fit,15,41.618125,2200.0,53.0,0.3664286136627197
2026-01-13 12:42:29,128,4,512,2,First Fit,17,50.751875000000005,3250.0,114.0,0.13400578498840332
2026-01-13 12:42:29,128,4,512,2,Energy-Aware A*,24,61.18124999999999,5380.0,159.0,59.38821458816528
2026-01-13 12:48:05,4,4,16,3,A*,4,22.563750000000002,480.0,12.0,0.7225065231323242
2026-01-13 12:48:05,4,4,16,3,ABO,4,21.409999999999997,480.0,16.0,52.072919607162476
2026-01-13 12:48:05,4,4,16,3,FABO,4,23.4975,480.0,16.0,49.225969552993774
2026-01-13 12:48:05,4,4,16,3,Best Fit,4,13.4125,580.0,14.0,0.02702045440673828
2026-01-13 12:48:05,4,4,16,3,First Fit,4,14.5825,740.0,26.0,0.0035583972930908203
2026-01-13 12:48:05,4,4,16,3,Energy-Aware A*,4,11.749999999999998,800.0,24.0,20.91341519355774
2026-01-13 12:48:05,4,4,16,3,MILP_Gurobi,4,9.6975,120.0,12.0,0.06113886833190918
2026-01-13 12:50:08,8,4,32,3,A*,8,31.13499999999999,960.0,24.0,1.413649559020996
2026-01-13 12:50:08,8,4,32,3,ABO,8,29.282500000000006,960.0,32.0,95.04055547714233
2026-01-13 12:50:08,8,4,32,3,FABO,8,31.42,960.0,32.0,84.05324935913086
2026-01-13 12:50:08,8,4,32,3,Best Fit,8,20.431250000000006,1310.0,31.0,0.05257105827331543
2026-01-13 12:50:08,8,4,32,3,First Fit,8,24.727500000000006,1310.0,48.0,0.006461620330810547
2026-01-13 12:50:08,8,4,32,3,Energy-Aware A*,8,22.659999999999997,1520.0,48.0,37.722243785858154
2026-01-13 12:50:08,8,4,32,3,MILP_Gurobi,8,15.195000000000002,160.0,32.0,0.11086869239807129
2026-01-13 12:53:47,16,4,64,3,A*,16,45.02000000000001,2140.0,53.0,1.9539902210235596
2026-01-13 12:53:47,16,4,64,3,ABO,16,51.629374999999996,2260.0,74.0,127.93084120750427
2026-01-13 12:53:47,16,4,64,3,FABO,16,50.561874999999986,2390.0,79.0,119.39283013343811
2026-01-13 12:53:47,16,4,64,3,Best Fit,15,41.618125,2200.0,53.0,0.09059810638427734
2026-01-13 12:53:47,16,4,64,3,First Fit,16,47.785000000000004,2970.0,107.0,0.012956857681274414
2026-01-13 12:53:47,16,4,64,3,Energy-Aware A*,16,50.511250000000004,3030.0,95.0,50.695189476013184
2026-01-13 12:58:47,32,4,128,3,A*,18,49.86125000000001,2620.0,65.0,2.0719375610351562
2026-01-13 12:58:47,32,4,128,3,ABO,17,56.36312499999998,2560.0,84.0,129.88999938964844
2026-01-13 12:58:47,32,4,128,3,FABO,18,52.42624999999998,3100.0,102.0,122.59965252876282
2026-01-13 12:58:47,32,4,128,3,Best Fit,15,41.618125,2200.0,53.0,0.13210034370422363
2026-01-13 12:58:47,32,4,128,3,First Fit,17,50.751875000000005,3250.0,114.0,0.03025221824645996
2026-01-13 12:58:47,32,4,128,3,Energy-Aware A*,24,61.18124999999999,5380.0,159.0,55.985607862472534
2026-01-13 13:03:58,64,4,256,3,A*,18,49.86125000000001,2620.0,65.0,2.147641658782959
2026-01-13 13:03:58,64,4,256,3,ABO,17,56.36312499999998,2560.0,84.0,133.4160759449005
2026-01-13 13:03:58,64,4,256,3,FABO,18,52.42624999999998,3100.0,102.0,125.80565690994263
2026-01-13 13:03:58,64,4,256,3,Best Fit,15,41.618125,2200.0,53.0,0.21541428565979004
2026-01-13 13:03:58,64,4,256,3,First Fit,17,50.751875000000005,3250.0,114.0,0.06540584564208984
2026-01-13 13:03:58,64,4,256,3,Energy-Aware A*,24,61.18124999999999,5380.0,159.0,57.335886001586914
2026-01-13 13:09:17,128,4,512,3,A*,18,49.86125000000001,2620.0,65.0,2.302793502807617
2026-01-13 13:09:17,128,4,512,3,ABO,17,56.36312499999998,2560.0,84.0,141.05478191375732
2026-01-13 13:09:17,128,4,512,3,FABO,18,52.42624999999998,3100.0,102.0,133.46072387695312
2026-01-13 13:09:17,128,4,512,3,Best Fit,15,41.618125,2200.0,53.0,0.38379359245300293
2026-01-13 13:09:17,128,4,512,3,First Fit,17,50.751875000000005,3250.0,114.0,0.13647842407226562
2026-01-13 13:09:17,128,4,512,3,Energy-Aware A*,24,61.18124999999999,5380.0,159.0,59.73251008987427
2026-01-13 13:14:55,4,4,16,4,A*,4,22.563750000000002,480.0,12.0,0.7621462345123291
2026-01-13 13:14:55,4,4,16,4,ABO,4,21.409999999999997,480.0,16.0,52.10623359680176
2026-01-13 13:14:55,4,4,16,4,FABO,4,23.4975,480.0,16.0,49.18666100502014
2026-01-13 13:14:55,4,4,16,4,Best Fit,4,13.4125,580.0,14.0,0.027060270309448242
2026-01-13 13:14:55,4,4,16,4,First Fit,4,14.5825,740.0,26.0,0.0035598278045654297
2026-01-13 13:14:55,4,4,16,4,Energy-Aware A*,4,11.749999999999998,800.0,24.0,20.994266033172607
2026-01-13 13:14:55,4,4,16,4,MILP_Gurobi,4,9.6975,120.0,12.0,0.029286623001098633
2026-01-13 13:16:58,8,4,32,4,A*,8,31.13499999999999,960.0,24.0,1.4163401126861572
2026-01-13 13:16:58,8,4,32,4,ABO,8,29.282500000000006,960.0,32.0,94.77948689460754
2026-01-13 13:16:58,8,4,32,4,FABO,8,31.42,960.0,32.0,84.0003616809845
2026-01-13 13:16:58,8,4,32,4,Best Fit,8,20.431250000000006,1310.0,31.0,0.053022146224975586
2026-01-13 13:16:58,8,4,32,4,First Fit,8,24.727500000000006,1310.0,48.0,0.0065593719482421875
2026-01-13 13:16:58,8,4,32,4,Energy-Aware A*,8,22.659999999999997,1520.0,48.0,37.8313889503479
2026-01-13 13:16:58,8,4,32,4,MILP_Gurobi,8,15.195000000000002,160.0,32.0,0.07890510559082031
2026-01-13 13:20:36,16,4,64,4,A*,16,45.02000000000001,2140.0,53.0,1.9994254112243652
2026-01-13 13:20:36,16,4,64,4,ABO,16,51.629374999999996,2260.0,74.0,128.0395703315735
2026-01-13 13:20:36,16,4,64,4,FABO,16,50.561874999999986,2390.0,79.0,119.12400650978088
2026-01-13 13:20:36,16,4,64,4,Best Fit,15,41.618125,2200.0,53.0,0.09202384948730469
2026-01-13 13:20:36,16,4,64,4,First Fit,16,47.785000000000004,2970.0,107.0,0.013171195983886719
2026-01-13 13:20:36,16,4,64,4,Energy-Aware A*,16,50.511250000000004,3030.0,95.0,50.70142650604248
2026-01-13 13:25:36,32,4,128,4,A*,18,49.86125000000001,2620.0,65.0,2.009742498397827
2026-01-13 13:25:36,32,4,128,4,ABO,17,56.36312499999998,2560.0,84.0,130.2706949710846
2026-01-13 13:25:36,32,4,128,4,FABO,18,52.42624999999998,3100.0,102.0,122.47202491760254
2026-01-13 13:25:36,32,4,128,4,Best Fit,15,41.618125,2200.0,53.0,0.1307075023651123
2026-01-13 13:25:36,32,4,128,4,First Fit,17,50.751875000000005,3250.0,114.0,0.030619144439697266
2026-01-13 13:25:36,32,4,128,4,Energy-Aware A*,24,61.18124999999999,5380.0,159.0,55.980040073394775
2026-01-13 13:30:47,64,4,256,4,A*,18,49.86125000000001,2620.0,65.0,2.0922367572784424
2026-01-13 13:30:47,64,4,256,4,ABO,17,56.36312499999998,2560.0,84.0,133.68808555603027
2026-01-13 13:30:47,64,4,256,4,FABO,18,52.42624999999998,3100.0,102.0,125.92772889137268
2026-01-13 13:30:47,64,4,256,4,Best Fit,15,41.618125,2200.0,53.0,0.21187639236450195
2026-01-13 13:30:47,64,4,256,4,First Fit,17,50.751875000000005,3250.0,114.0,0.06488275527954102
2026-01-13 13:30:47,64,4,256,4,Energy-Aware A*,24,61.18124999999999,5380.0,159.0,57.17028880119324
2026-01-13 13:36:06,128,4,512,4,A*,18,49.86125000000001,2620.0,65.0,2.312495708465576
2026-01-13 13:36:06,128,4,512,4,ABO,17,56.36312499999998,2560.0,84.0,140.7746012210846
2026-01-13 13:36:06,128,4,512,4,FABO,18,52.42624999999998,3100.0,102.0,132.8836350440979
2026-01-13 13:36:06,128,4,512,4,Best Fit,15,41.618125,2200.0,53.0,0.3707904815673828
2026-01-13 13:36:06,128,4,512,4,First Fit,17,50.751875000000005,3250.0,114.0,0.13304567337036133
2026-01-13 13:36:06,128,4,512,4,Energy-Aware A*,24,61.18124999999999,5380.0,159.0,59.339603662490845
2026-01-13 13:41:42,4,4,16,5,A*,4,22.563750000000002,480.0,12.0,0.7604808807373047
2026-01-13 13:41:42,4,4,16,5,ABO,4,21.409999999999997,480.0,16.0,51.92618727684021
2026-01-13 13:41:42,4,4,16,5,FABO,4,23.4975,480.0,16.0,49.107181549072266
2026-01-13 13:41:42,4,4,16,5,Best Fit,4,13.4125,580.0,14.0,0.02688908576965332
2026-01-13 13:41:42,4,4,16,5,First Fit,4,14.5825,740.0,26.0,0.003519296646118164
2026-01-13 13:41:42,4,4,16,5,Energy-Aware A*,4,11.749999999999998,800.0,24.0,20.936132669448853
2026-01-13 13:41:42,4,4,16,5,MILP_Gurobi,4,9.6975,120.0,12.0,0.028292179107666016
2026-01-13 13:43:45,8,4,32,5,A*,8,31.13499999999999,960.0,24.0,1.4549710750579834
2026-01-13 13:43:45,8,4,32,5,ABO,8,29.282500000000006,960.0,32.0,95.0505518913269
2026-01-13 13:43:45,8,4,32,5,FABO,8,31.42,960.0,32.0,84.08821225166321
2026-01-13 13:43:45,8,4,32,5,Best Fit,8,20.431250000000006,1310.0,31.0,0.05331826210021973
2026-01-13 13:43:45,8,4,32,5,First Fit,8,24.727500000000006,1310.0,48.0,0.006622314453125
2026-01-13 13:43:45,8,4,32,5,Energy-Aware A*,8,22.659999999999997,1520.0,48.0,37.869184494018555
2026-01-13 13:43:45,8,4,32,5,MILP_Gurobi,8,15.195000000000002,160.0,32.0,0.07599782943725586
2026-01-13 13:47:24,16,4,64,5,A*,16,45.02000000000001,2140.0,53.0,1.9866445064544678
2026-01-13 13:47:24,16,4,64,5,ABO,16,51.629374999999996,2260.0,74.0,128.06633687019348
2026-01-13 13:47:24,16,4,64,5,FABO,16,50.561874999999986,2390.0,79.0,119.16747903823853
2026-01-13 13:47:24,16,4,64,5,Best Fit,15,41.618125,2200.0,53.0,0.09009456634521484
2026-01-13 13:47:24,16,4,64,5,First Fit,16,47.785000000000004,2970.0,107.0,0.012894153594970703
2026-01-13 13:47:24,16,4,64,5,Energy-Aware A*,16,50.511250000000004,3030.0,95.0,50.68503284454346
2026-01-13 13:52:24,32,4,128,5,A*,18,49.86125000000001,2620.0,65.0,2.0406134128570557
2026-01-13 13:52:24,32,4,128,5,ABO,17,56.36312499999998,2560.0,84.0,129.9081847667694
2026-01-13 13:52:24,32,4,128,5,FABO,18,52.42624999999998,3100.0,102.0,122.56740283966064
2026-01-13 13:52:24,32,4,128,5,Best Fit,15,41.618125,2200.0,53.0,0.13544416427612305
2026-01-13 13:52:24,32,4,128,5,First Fit,17,50.751875000000005,3250.0,114.0,0.02976822853088379
2026-01-13 13:52:24,32,4,128,5,Energy-Aware A*,24,61.18124999999999,5380.0,159.0,56.046775817871094
2026-01-13 13:57:35,64,4,256,5,A*,18,49.86125000000001,2620.0,65.0,2.1464743614196777
2026-01-13 13:57:35,64,4,256,5,ABO,17,56.36312499999998,2560.0,84.0,133.91762614250183
2026-01-13 13:57:35,64,4,256,5,FABO,18,52.42624999999998,3100.0,102.0,125.96184062957764
2026-01-13 13:57:35,64,4,256,5,Best Fit,15,41.618125,2200.0,53.0,0.2151193618774414
2026-01-13 13:57:35,64,4,256,5,First Fit,17,50.751875000000005,3250.0,114.0,0.0659480094909668
2026-01-13 13:57:35,64,4,256,5,Energy-Aware A*,24,61.18124999999999,5380.0,159.0,57.12194752693176
2026-01-13 14:02:54,128,4,512,5,A*,18,49.86125000000001,2620.0,65.0,2.3082334995269775
2026-01-13 14:02:54,128,4,512,5,ABO,17,56.36312499999998,2560.0,84.0,140.80184650421143
2026-01-13 14:02:54,128,4,512,5,FABO,18,52.42624999999998,3100.0,102.0,132.916663646698
2026-01-13 14:02:54,128,4,512,5,Best Fit,15,41.618125,2200.0,53.0,0.3737046718597412
2026-01-13 14:02:54,128,4,512,5,First Fit,17,50.751875000000005,3250.0,114.0,0.1352214813232422
2026-01-13 14:02:54,128,4,512,5,Energy-Aware A*,24,61.18124999999999,5380.0,159.0,59.40236854553223
2026-01-13 14:08:31,4,5,20,1,A*,4,27.97875,720.0,16.0,2.6647562980651855
2026-01-13 14:08:31,4,5,20,1,ABO,4,26.77,720.0,20.0,146.25776195526123
2026-01-13 14:08:31,4,5,20,1,FABO,4,32.5325,780.0,21.0,138.9043881893158
2026-01-13 14:08:31,4,5,20,1,Best Fit,4,18.509999999999998,820.0,18.0,0.030472278594970703
2026-01-13 14:08:31,4,5,20,1,First Fit,4,21.799999999999997,1080.0,32.0,0.0042002201080322266
2026-01-13 14:08:31,4,5,20,1,Energy-Aware A*,4,27.4575,1120.0,30.0,31.61914825439453
2026-01-13 14:08:31,4,5,20,1,MILP_Gurobi,4,16.2125,240.0,20.0,0.024807453155517578
2026-01-13 14:13:50,8,5,40,1,A*,8,40.00625,1440.0,32.0,4.70633602142334
2026-01-13 14:13:50,8,5,40,1,ABO,8,44.93,1610.0,45.0,233.5367887020111
2026-01-13 14:13:50,8,5,40,1,FABO,8,47.184999999999995,1640.0,44.0,196.07001972198486
2026-01-13 14:13:50,8,5,40,1,Best Fit,8,37.76124999999998,2060.0,44.0,0.05443739891052246
2026-01-13 14:13:50,8,5,40,1,First Fit,8,40.21374999999999,2060.0,61.0,0.008066177368164062
2026-01-13 14:13:50,8,5,40,1,Energy-Aware A*,8,44.884999999999984,2440.0,64.0,57.890729904174805
2026-01-13 14:13:50,8,5,40,1,MILP_Gurobi,4,16.2125,240.0,20.0,36.63091969490051
2026-01-13 14:22:39,16,5,80,1,A*,13,55.93875,2990.0,67.0,5.4139180183410645
2026-01-13 14:22:39,16,5,80,1,ABO,11,55.197500000000005,2750.0,74.0,251.69965600967407
2026-01-13 14:22:39,16,5,80,1,FABO,11,55.94250000000001,2910.0,76.0,210.5660674571991
2026-01-13 14:22:39,16,5,80,1,Best Fit,9,43.525624999999984,2460.0,52.0,0.0785527229309082
2026-01-13 14:22:39,16,5,80,1,First Fit,8,40.21374999999999,2060.0,61.0,0.01455378532409668
2026-01-13 14:22:39,16,5,80,1,Energy-Aware A*,13,60.13750000000001,4130.0,107.0,74.89216303825378
2026-01-13 14:31:42,32,5,160,1,A*,13,55.93875,2990.0,67.0,5.444634914398193
2026-01-13 14:31:42,32,5,160,1,ABO,11,55.197500000000005,2750.0,74.0,264.69754338264465
2026-01-13 14:31:42,32,5,160,1,FABO,11,55.94250000000001,2910.0,76.0,219.33501625061035
2026-01-13 14:31:42,32,5,160,1,Best Fit,9,43.525624999999984,2460.0,52.0,0.12406635284423828
2026-01-13 14:31:42,32,5,160,1,First Fit,8,40.21374999999999,2060.0,61.0,0.02690911293029785
2026-01-13 14:31:42,32,5,160,1,Energy-Aware A*,13,60.13750000000001,4130.0,107.0,80.43278956413269
2026-01-13 14:41:12,64,5,320,1,A*,13,55.93875,2990.0,67.0,5.655117750167847
2026-01-13 14:41:12,64,5,320,1,ABO,11,55.197500000000005,2750.0,74.0,284.9616343975067
2026-01-13 14:41:12,64,5,320,1,FABO,11,55.94250000000001,2910.0,76.0,228.7340533733368
2026-01-13 14:41:12,64,5,320,1,Best Fit,9,43.525624999999984,2460.0,52.0,0.21608376502990723
2026-01-13 14:41:12,64,5,320,1,First Fit,8,40.21374999999999,2060.0,61.0,0.053841590881347656
2026-01-13 14:41:12,64,5,320,1,Energy-Aware A*,13,60.13750000000001,4130.0,107.0,88.932532787323
2026-01-13 14:51:21,128,5,640,1,A*,13,55.93875,2990.0,67.0,6.030742645263672
2026-01-13 14:51:21,128,5,640,1,ABO,11,55.197500000000005,2750.0,74.0,322.8635621070862
2026-01-13 14:51:21,128,5,640,1,FABO,11,55.94250000000001,2910.0,76.0,247.34323477745056
2026-01-13 14:51:21,128,5,640,1,Best Fit,9,43.525624999999984,2460.0,52.0,0.393873929977417
2026-01-13 14:51:21,128,5,640,1,First Fit,8,40.21374999999999,2060.0,61.0,0.10292243957519531
2026-01-13 14:51:21,128,5,640,1,Energy-Aware A*,13,60.13750000000001,4130.0,107.0,105.52624988555908
2026-01-13 15:02:44,4,5,20,2,A*,4,27.97875,720.0,16.0,2.691016435623169
2026-01-13 15:02:44,4,5,20,2,ABO,4,26.77,720.0,20.0,147.78822922706604
2026-01-13 15:02:44,4,5,20,2,FABO,4,32.5325,780.0,21.0,140.6691780090332
2026-01-13 15:02:44,4,5,20,2,Best Fit,4,18.509999999999998,820.0,18.0,0.03072190284729004
2026-01-13 15:02:44,4,5,20,2,First Fit,4,21.799999999999997,1080.0,32.0,0.004282712936401367
2026-01-13 15:02:44,4,5,20,2,Energy-Aware A*,4,27.4575,1120.0,30.0,31.999940872192383
2026-01-13 15:02:44,4,5,20,2,MILP_Gurobi,4,16.2125,240.0,20.0,0.024760007858276367
2026-01-13 15:08:07,8,5,40,2,A*,8,40.00625,1440.0,32.0,4.794881582260132
2026-01-13 15:08:07,8,5,40,2,ABO,8,44.93,1610.0,45.0,236.13257455825806
2026-01-13 15:08:07,8,5,40,2,FABO,8,47.184999999999995,1640.0,44.0,198.60081434249878
2026-01-13 15:08:07,8,5,40,2,Best Fit,8,37.76124999999998,2060.0,44.0,0.053472042083740234
2026-01-13 15:08:07,8,5,40,2,First Fit,8,40.21374999999999,2060.0,61.0,0.007926225662231445
2026-01-13 15:08:07,8,5,40,2,Energy-Aware A*,8,44.884999999999984,2440.0,64.0,58.612781047821045
2026-01-13 15:08:07,8,5,40,2,MILP_Gurobi,4,16.2125,240.0,20.0,37.928006172180176
2026-01-13 15:17:03,16,5,80,2,A*,13,55.93875,2990.0,67.0,5.391992092132568
2026-01-13 15:17:03,16,5,80,2,ABO,11,55.197500000000005,2750.0,74.0,254.73845648765564
2026-01-13 15:17:03,16,5,80,2,FABO,11,55.94250000000001,2910.0,76.0,213.6138253211975
2026-01-13 15:17:03,16,5,80,2,Best Fit,9,43.525624999999984,2460.0,52.0,0.07724523544311523
2026-01-13 15:17:03,16,5,80,2,First Fit,8,40.21374999999999,2060.0,61.0,0.014357328414916992
2026-01-13 15:17:03,16,5,80,2,Energy-Aware A*,13,60.13750000000001,4130.0,107.0,75.92393350601196
2026-01-13 15:26:13,32,5,160,2,A*,13,55.93875,2990.0,67.0,5.495053052902222
2026-01-13 15:26:13,32,5,160,2,ABO,11,55.197500000000005,2750.0,74.0,264.563814163208
2026-01-13 15:26:13,32,5,160,2,FABO,11,55.94250000000001,2910.0,76.0,217.97392749786377
2026-01-13 15:26:13,32,5,160,2,Best Fit,9,43.525624999999984,2460.0,52.0,0.12305974960327148
2026-01-13 15:26:13,32,5,160,2,First Fit,8,40.21374999999999,2060.0,61.0,0.02692580223083496
2026-01-13 15:26:13,32,5,160,2,Energy-Aware A*,13,60.13750000000001,4130.0,107.0,80.2365825176239
2026-01-13 15:35:42,64,5,320,2,A*,13,55.93875,2990.0,67.0,5.6759960651397705
2026-01-13 15:35:42,64,5,320,2,ABO,11,55.197500000000005,2750.0,74.0,283.9602930545807
2026-01-13 15:35:42,64,5,320,2,FABO,11,55.94250000000001,2910.0,76.0,227.91112613677979
2026-01-13 15:35:42,64,5,320,2,Best Fit,9,43.525624999999984,2460.0,52.0,0.21380186080932617
2026-01-13 15:35:42,64,5,320,2,First Fit,8,40.21374999999999,2060.0,61.0,0.052408456802368164
2026-01-13 15:35:42,64,5,320,2,Energy-Aware A*,13,60.13750000000001,4130.0,107.0,88.70314502716064
2026-01-13 15:45:48,128,5,640,2,A*,13,55.93875,2990.0,67.0,5.996656894683838
2026-01-13 15:45:48,128,5,640,2,ABO,11,55.197500000000005,2750.0,74.0,320.95774507522583
2026-01-13 15:45:48,128,5,640,2,FABO,11,55.94250000000001,2910.0,76.0,246.6376166343689
2026-01-13 15:45:48,128,5,640,2,Best Fit,9,43.525624999999984,2460.0,52.0,0.39646315574645996
2026-01-13 15:45:48,128,5,640,2,First Fit,8,40.21374999999999,2060.0,61.0,0.10327434539794922
2026-01-13 15:45:48,128,5,640,2,Energy-Aware A*,13,60.13750000000001,4130.0,107.0,105.49133682250977
2026-01-13 15:57:09,4,5,20,3,A*,4,27.97875,720.0,16.0,2.6935768127441406
2026-01-13 15:57:09,4,5,20,3,ABO,4,26.77,720.0,20.0,147.2366635799408
2026-01-13 15:57:09,4,5,20,3,FABO,4,32.5325,780.0,21.0,140.1524109840393
2026-01-13 15:57:09,4,5,20,3,Best Fit,4,18.509999999999998,820.0,18.0,0.03016066551208496
2026-01-13 15:57:09,4,5,20,3,First Fit,4,21.799999999999997,1080.0,32.0,0.004207134246826172
2026-01-13 15:57:09,4,5,20,3,Energy-Aware A*,4,27.4575,1120.0,30.0,31.861891269683838
2026-01-13 15:57:09,4,5,20,3,MILP_Gurobi,4,16.2125,240.0,20.0,0.025185585021972656
2026-01-13 16:02:31,8,5,40,3,A*,8,40.00625,1440.0,32.0,4.766795873641968
2026-01-13 16:02:31,8,5,40,3,ABO,8,44.93,1610.0,45.0,235.21737504005432
2026-01-13 16:02:31,8,5,40,3,FABO,8,47.184999999999995,1640.0,44.0,197.9146122932434
2026-01-13 16:02:31,8,5,40,3,Best Fit,8,37.76124999999998,2060.0,44.0,0.05372953414916992
2026-01-13 16:02:31,8,5,40,3,First Fit,8,40.21374999999999,2060.0,61.0,0.007946014404296875
2026-01-13 16:02:31,8,5,40,3,Energy-Aware A*,8,44.884999999999984,2440.0,64.0,58.416351556777954
2026-01-13 16:02:31,8,5,40,3,MILP_Gurobi,4,16.2125,240.0,20.0,37.91987729072571
2026-01-13 16:11:25,16,5,80,3,A*,13,55.93875,2990.0,67.0,5.47121262550354
2026-01-13 16:11:25,16,5,80,3,ABO,11,55.197500000000005,2750.0,74.0,256.5297255516052
2026-01-13 16:11:25,16,5,80,3,FABO,11,55.94250000000001,2910.0,76.0,215.70351195335388
2026-01-13 16:11:25,16,5,80,3,Best Fit,9,43.525624999999984,2460.0,52.0,0.07775616645812988
2026-01-13 16:11:25,16,5,80,3,First Fit,8,40.21374999999999,2060.0,61.0,0.01433110237121582
2026-01-13 16:11:25,16,5,80,3,Energy-Aware A*,13,60.13750000000001,4130.0,107.0,76.9197244644165
2026-01-13 16:20:40,32,5,160,3,A*,13,55.93875,2990.0,67.0,5.574624061584473
2026-01-13 16:20:40,32,5,160,3,ABO,11,55.197500000000005,2750.0,74.0,267.51264119148254
2026-01-13 16:20:40,32,5,160,3,FABO,11,55.94250000000001,2910.0,76.0,219.52453327178955
2026-01-13 16:20:40,32,5,160,3,Best Fit,9,43.525624999999984,2460.0,52.0,0.12591075897216797
2026-01-13 16:20:40,32,5,160,3,First Fit,8,40.21374999999999,2060.0,61.0,0.028109073638916016
2026-01-13 16:20:40,32,5,160,3,Energy-Aware A*,13,60.13750000000001,4130.0,107.0,80.63605427742004
2026-01-13 16:30:13,64,5,320,3,A*,13,55.93875,2990.0,67.0,5.69989538192749
2026-01-13 16:30:13,64,5,320,3,ABO,11,55.197500000000005,2750.0,74.0,285.1981272697449
2026-01-13 16:30:13,64,5,320,3,FABO,11,55.94250000000001,2910.0,76.0,230.10968494415283
2026-01-13 16:30:13,64,5,320,3,Best Fit,9,43.525624999999984,2460.0,52.0,0.21660971641540527
2026-01-13 16:30:13,64,5,320,3,First Fit,8,40.21374999999999,2060.0,61.0,0.0591273307800293
2026-01-13 16:30:13,64,5,320,3,Energy-Aware A*,13,60.13750000000001,4130.0,107.0,89.35084080696106
2026-01-13 16:40:24,128,5,640,3,A*,13,55.93875,2990.0,67.0,6.057250261306763
2026-01-13 16:40:24,128,5,640,3,ABO,11,55.197500000000005,2750.0,74.0,323.15271854400635
2026-01-13 16:40:24,128,5,640,3,FABO,11,55.94250000000001,2910.0,76.0,248.58224320411682
2026-01-13 16:40:24,128,5,640,3,Best Fit,9,43.525624999999984,2460.0,52.0,0.39737653732299805
2026-01-13 16:40:24,128,5,640,3,First Fit,8,40.21374999999999,2060.0,61.0,0.1045522689819336
2026-01-13 16:40:24,128,5,640,3,Energy-Aware A*,13,60.13750000000001,4130.0,107.0,106.21193075180054
2026-01-13 16:51:49,4,5,20,4,A*,4,27.97875,720.0,16.0,2.714970827102661
2026-01-13 16:51:49,4,5,20,4,ABO,4,26.77,720.0,20.0,148.82539176940918
2026-01-13 16:51:49,4,5,20,4,FABO,4,32.5325,780.0,21.0,141.58148312568665
2026-01-13 16:51:49,4,5,20,4,Best Fit,4,18.509999999999998,820.0,18.0,0.029540061950683594
2026-01-13 16:51:49,4,5,20,4,First Fit,4,21.799999999999997,1080.0,32.0,0.004153728485107422
2026-01-13 16:51:49,4,5,20,4,Energy-Aware A*,4,27.4575,1120.0,30.0,32.12958216667175
2026-01-13 16:51:49,4,5,20,4,MILP_Gurobi,4,16.2125,240.0,20.0,0.02402329444885254
2026-01-13 16:57:14,8,5,40,4,A*,8,40.00625,1440.0,32.0,4.801335096359253
2026-01-13 16:57:14,8,5,40,4,ABO,8,44.93,1610.0,45.0,237.5226752758026
2026-01-13 16:57:14,8,5,40,4,FABO,8,47.184999999999995,1640.0,44.0,200.0737566947937
2026-01-13 16:57:14,8,5,40,4,Best Fit,8,37.76124999999998,2060.0,44.0,0.053813934326171875
2026-01-13 16:57:14,8,5,40,4,First Fit,8,40.21374999999999,2060.0,61.0,0.007951021194458008
2026-01-13 16:57:14,8,5,40,4,Energy-Aware A*,8,44.884999999999984,2440.0,64.0,59.11616563796997
2026-01-13 16:57:14,8,5,40,4,MILP_Gurobi,4,16.2125,240.0,20.0,37.866614818573
2026-01-13 17:06:14,16,5,80,4,A*,13,55.93875,2990.0,67.0,5.333171367645264
2026-01-13 17:06:14,16,5,80,4,ABO,11,55.197500000000005,2750.0,74.0,253.60465168952942
2026-01-13 17:06:14,16,5,80,4,FABO,11,55.94250000000001,2910.0,76.0,212.90913558006287
2026-01-13 17:06:14,16,5,80,4,Best Fit,9,43.525624999999984,2460.0,52.0,0.07753705978393555
2026-01-13 17:06:14,16,5,80,4,First Fit,8,40.21374999999999,2060.0,61.0,0.014450788497924805
2026-01-13 17:06:14,16,5,80,4,Energy-Aware A*,13,60.13750000000001,4130.0,107.0,75.70075511932373
2026-01-13 17:15:22,32,5,160,4,A*,13,55.93875,2990.0,67.0,5.493724584579468
2026-01-13 17:15:22,32,5,160,4,ABO,11,55.197500000000005,2750.0,74.0,264.8810429573059
2026-01-13 17:15:22,32,5,160,4,FABO,11,55.94250000000001,2910.0,76.0,217.99056243896484
2026-01-13 17:15:22,32,5,160,4,Best Fit,9,43.525624999999984,2460.0,52.0,0.12235260009765625
2026-01-13 17:15:22,32,5,160,4,First Fit,8,40.21374999999999,2060.0,61.0,0.027056217193603516
2026-01-13 17:15:22,32,5,160,4,Energy-Aware A*,13,60.13750000000001,4130.0,107.0,80.16433906555176
2026-01-13 17:24:50,64,5,320,4,A*,13,55.93875,2990.0,67.0,5.678490877151489
2026-01-13 17:24:50,64,5,320,4,ABO,11,55.197500000000005,2750.0,74.0,283.5500023365021
2026-01-13 17:24:50,64,5,320,4,FABO,11,55.94250000000001,2910.0,76.0,227.89857864379883
2026-01-13 17:24:50,64,5,320,4,Best Fit,9,43.525624999999984,2460.0,52.0,0.21186590194702148
2026-01-13 17:24:50,64,5,320,4,First Fit,8,40.21374999999999,2060.0,61.0,0.05251002311706543
2026-01-13 17:24:50,64,5,320,4,Energy-Aware A*,13,60.13750000000001,4130.0,107.0,88.56119227409363
2026-01-13 17:34:57,128,5,640,4,A*,13,55.93875,2990.0,67.0,6.042272567749023
2026-01-13 17:34:57,128,5,640,4,ABO,11,55.197500000000005,2750.0,74.0,322.62804532051086
2026-01-13 17:34:57,128,5,640,4,FABO,11,55.94250000000001,2910.0,76.0,249.22313284873962
2026-01-13 17:34:57,128,5,640,4,Best Fit,9,43.525624999999984,2460.0,52.0,0.3957231044769287
2026-01-13 17:34:57,128,5,640,4,First Fit,8,40.21374999999999,2060.0,61.0,0.10474133491516113
2026-01-13 17:34:57,128,5,640,4,Energy-Aware A*,13,60.13750000000001,4130.0,107.0,106.4053156375885
2026-01-13 17:46:22,4,5,20,5,A*,4,27.97875,720.0,16.0,2.713909864425659
2026-01-13 17:46:22,4,5,20,5,ABO,4,26.77,720.0,20.0,149.085613489151
2026-01-13 17:46:22,4,5,20,5,FABO,4,32.5325,780.0,21.0,141.60316491127014
2026-01-13 17:46:22,4,5,20,5,Best Fit,4,18.509999999999998,820.0,18.0,0.03026294708251953
2026-01-13 17:46:22,4,5,20,5,First Fit,4,21.799999999999997,1080.0,32.0,0.004243612289428711
2026-01-13 17:46:22,4,5,20,5,Energy-Aware A*,4,27.4575,1120.0,30.0,32.18744373321533
2026-01-13 17:46:22,4,5,20,5,MILP_Gurobi,4,16.2125,240.0,20.0,0.025152206420898438
2026-01-13 17:51:48,8,5,40,5,A*,8,40.00625,1440.0,32.0,4.8217573165893555
2026-01-13 17:51:48,8,5,40,5,ABO,8,44.93,1610.0,45.0,237.23749947547913
2026-01-13 17:51:48,8,5,40,5,FABO,8,47.184999999999995,1640.0,44.0,199.78066754341125
2026-01-13 17:51:48,8,5,40,5,Best Fit,8,37.76124999999998,2060.0,44.0,0.053362131118774414
2026-01-13 17:51:48,8,5,40,5,First Fit,8,40.21374999999999,2060.0,61.0,0.008005380630493164
2026-01-13 17:51:48,8,5,40,5,Energy-Aware A*,8,44.884999999999984,2440.0,64.0,58.98149394989014
2026-01-13 17:51:48,8,5,40,5,MILP_Gurobi,4,16.2125,240.0,20.0,36.06090044975281
2026-01-13 18:00:45,16,5,80,5,A*,13,55.93875,2990.0,67.0,5.394049406051636
2026-01-13 18:00:45,16,5,80,5,ABO,11,55.197500000000005,2750.0,74.0,255.83255219459534
2026-01-13 18:00:45,16,5,80,5,FABO,11,55.94250000000001,2910.0,76.0,214.0121295452118
2026-01-13 18:00:45,16,5,80,5,Best Fit,9,43.525624999999984,2460.0,52.0,0.07547664642333984
2026-01-13 18:00:45,16,5,80,5,First Fit,8,40.21374999999999,2060.0,61.0,0.014193534851074219
2026-01-13 18:00:45,16,5,80,5,Energy-Aware A*,13,60.13750000000001,4130.0,107.0,76.08651757240295
2026-01-13 18:09:56,32,5,160,5,A*,13,55.93875,2990.0,67.0,5.513234615325928
2026-01-13 18:09:56,32,5,160,5,ABO,11,55.197500000000005,2750.0,74.0,265.49260354042053
2026-01-13 18:09:56,32,5,160,5,FABO,11,55.94250000000001,2910.0,76.0,219.42405891418457
2026-01-13 18:09:56,32,5,160,5,Best Fit,9,43.525624999999984,2460.0,52.0,0.12260174751281738
2026-01-13 18:09:56,32,5,160,5,First Fit,8,40.21374999999999,2060.0,61.0,0.03288865089416504
2026-01-13 18:09:56,32,5,160,5,Energy-Aware A*,13,60.13750000000001,4130.0,107.0,80.48583102226257
2026-01-13 18:19:27,64,5,320,5,A*,13,55.93875,2990.0,67.0,5.675540924072266
2026-01-13 18:19:27,64,5,320,5,ABO,11,55.197500000000005,2750.0,74.0,284.33513855934143
2026-01-13 18:19:27,64,5,320,5,FABO,11,55.94250000000001,2910.0,76.0,227.90650463104248
2026-01-13 18:19:27,64,5,320,5,Best Fit,9,43.525624999999984,2460.0,52.0,0.2151939868927002
2026-01-13 18:19:27,64,5,320,5,First Fit,8,40.21374999999999,2060.0,61.0,0.05360007286071777
2026-01-13 18:19:27,64,5,320,5,Energy-Aware A*,13,60.13750000000001,4130.0,107.0,88.8836669921875
2026-01-13 18:29:35,128,5,640,5,A*,13,55.93875,2990.0,67.0,6.01604700088501
2026-01-13 18:29:35,128,5,640,5,ABO,11,55.197500000000005,2750.0,74.0,322.2719626426697
2026-01-13 18:29:35,128,5,640,5,FABO,11,55.94250000000001,2910.0,76.0,247.13169598579407
2026-01-13 18:29:35,128,5,640,5,Best Fit,9,43.525624999999984,2460.0,52.0,0.38716936111450195
2026-01-13 18:29:35,128,5,640,5,First Fit,8,40.21374999999999,2060.0,61.0,0.10875535011291504
2026-01-13 18:29:35,128,5,640,5,Energy-Aware A*,13,60.13750000000001,4130.0,107.0,105.61053538322449
2026-01-13 18:40:57,4,6,24,1,A*,4,38.186249999999994,1095.0,21.0,6.973348140716553
2026-01-13 18:40:57,4,6,24,1,ABO,4,39.908750000000005,1095.0,26.0,380.09550762176514
2026-01-13 18:40:57,4,6,24,1,FABO,4,40.1475,1020.0,24.0,372.12815618515015
2026-01-13 18:40:57,4,6,24,1,Best Fit,4,30.229999999999993,1195.0,23.0,0.03126716613769531
2026-01-13 18:40:57,4,6,24,1,First Fit,4,29.199999999999992,1380.0,36.0,0.004830837249755859
2026-01-13 18:40:57,4,6,24,1,Energy-Aware A*,4,34.01375000000001,1730.0,40.0,402.3315372467041
2026-01-13 18:40:57,4,6,24,1,MILP_Gurobi,2,14.82625,255.0,10.0,8.842065334320068
2026-01-13 19:00:27,8,6,48,1,A*,8,56.964375,2560.0,51.0,8.501599788665771
2026-01-13 19:00:27,8,6,48,1,ABO,7,57.437499999999986,2810.0,66.0,410.09897470474243
2026-01-13 19:00:27,8,6,48,1,FABO,7,53.58124999999999,2395.0,53.0,485.0624442100525
2026-01-13 19:00:27,8,6,48,1,Best Fit,4,30.229999999999993,1195.0,23.0,0.050464630126953125
2026-01-13 19:00:27,8,6,48,1,First Fit,6,42.144999999999996,2125.0,54.0,0.008656501770019531
2026-01-13 19:00:27,8,6,48,1,Energy-Aware A*,8,58.1525,3770.0,83.0,525.1262109279633
2026-01-13 19:00:27,8,6,48,1,MILP_Gurobi,2,14.82625,255.0,10.0,59.47421717643738
2026-01-13 19:25:15,16,6,96,1,A*,8,56.964375,2560.0,51.0,8.648576021194458
2026-01-13 19:25:15,16,6,96,1,ABO,7,57.437499999999986,2810.0,66.0,412.9988486766815
2026-01-13 19:25:15,16,6,96,1,FABO,7,53.58124999999999,2395.0,53.0,496.3760070800781
2026-01-13 19:25:15,16,6,96,1,Best Fit,4,30.229999999999993,1195.0,23.0,0.09190011024475098
2026-01-13 19:25:15,16,6,96,1,First Fit,6,42.144999999999996,2125.0,54.0,0.015240907669067383
2026-01-13 19:25:15,16,6,96,1,Energy-Aware A*,8,58.1525,3770.0,83.0,532.7945990562439
2026-01-13 19:49:26,32,6,192,1,A*,8,56.964375,2560.0,51.0,8.75157356262207
2026-01-13 19:49:26,32,6,192,1,ABO,7,57.437499999999986,2810.0,66.0,417.5259954929352
2026-01-13 19:49:26,32,6,192,1,FABO,7,53.58124999999999,2395.0,53.0,516.9756288528442
2026-01-13 19:49:26,32,6,192,1,Best Fit,4,30.229999999999993,1195.0,23.0,0.16767215728759766
2026-01-13 19:49:26,32,6,192,1,First Fit,6,42.144999999999996,2125.0,54.0,0.027875423431396484
2026-01-13 19:49:26,32,6,192,1,Energy-Aware A*,8,58.1525,3770.0,83.0,546.2197675704956
2026-01-13 20:14:16,64,6,384,1,A*,8,56.964375,2560.0,51.0,9.018511295318604
2026-01-13 20:14:16,64,6,384,1,ABO,7,57.437499999999986,2810.0,66.0,426.06464552879333
2026-01-13 20:14:16,64,6,384,1,FABO,7,53.58124999999999,2395.0,53.0,557.9176630973816
2026-01-13 20:14:16,64,6,384,1,Best Fit,4,30.229999999999993,1195.0,23.0,0.32103514671325684
2026-01-13 20:14:16,64,6,384,1,First Fit,6,42.144999999999996,2125.0,54.0,0.052813053131103516
2026-01-13 20:14:16,64,6,384,1,Energy-Aware A*,8,58.1525,3770.0,83.0,571.5065324306488
2026-01-13 20:40:21,128,6,768,1,A*,8,56.964375,2560.0,51.0,9.559143543243408
2026-01-13 20:40:21,128,6,768,1,ABO,7,57.437499999999986,2810.0,66.0,444.4529826641083
2026-01-13 20:40:21,128,6,768,1,FABO,7,53.58124999999999,2395.0,53.0,642.688613653183
2026-01-13 20:40:21,128,6,768,1,Best Fit,4,30.229999999999993,1195.0,23.0,0.6311984062194824
2026-01-13 20:40:21,128,6,768,1,First Fit,6,42.144999999999996,2125.0,54.0,0.10531473159790039
2026-01-13 20:40:21,128,6,768,1,Energy-Aware A*,8,58.1525,3770.0,83.0,625.7952785491943
2026-01-13 21:09:05,4,6,24,2,A*,4,38.186249999999994,1095.0,21.0,6.8522725105285645
2026-01-13 21:09:05,4,6,24,2,ABO,4,39.908750000000005,1095.0,26.0,376.0699257850647
2026-01-13 21:09:05,4,6,24,2,FABO,4,40.1475,1020.0,24.0,366.82335472106934
2026-01-13 21:09:05,4,6,24,2,Best Fit,4,30.229999999999993,1195.0,23.0,0.0316777229309082
2026-01-13 21:09:05,4,6,24,2,First Fit,4,29.199999999999992,1380.0,36.0,0.00483393669128418
2026-01-13 21:09:05,4,6,24,2,Energy-Aware A*,4,34.01375000000001,1730.0,40.0,397.40026807785034
2026-01-13 21:09:05,4,6,24,2,MILP_Gurobi,2,14.82625,255.0,10.0,8.646005392074585
2026-01-13 21:28:21,8,6,48,2,A*,8,56.964375,2560.0,51.0,8.491747617721558
2026-01-13 21:28:21,8,6,48,2,ABO,7,57.437499999999986,2810.0,66.0,410.0597560405731
2026-01-13 21:28:21,8,6,48,2,FABO,7,53.58124999999999,2395.0,53.0,485.4192912578583
2026-01-13 21:28:21,8,6,48,2,Best Fit,4,30.229999999999993,1195.0,23.0,0.05053901672363281
2026-01-13 21:28:21,8,6,48,2,First Fit,6,42.144999999999996,2125.0,54.0,0.00883936882019043
2026-01-13 21:28:21,8,6,48,2,Energy-Aware A*,8,58.1525,3770.0,83.0,525.9457712173462
2026-01-13 21:28:21,8,6,48,2,MILP_Gurobi,2,14.82625,255.0,10.0,60.28659248352051
2026-01-13 21:53:11,16,6,96,2,A*,8,56.964375,2560.0,51.0,8.658910751342773
2026-01-13 21:53:11,16,6,96,2,ABO,7,57.437499999999986,2810.0,66.0,413.93630933761597
2026-01-13 21:53:11,16,6,96,2,FABO,7,53.58124999999999,2395.0,53.0,496.5965027809143
2026-01-13 21:53:11,16,6,96,2,Best Fit,4,30.229999999999993,1195.0,23.0,0.08898115158081055
2026-01-13 21:53:11,16,6,96,2,First Fit,6,42.144999999999996,2125.0,54.0,0.015187263488769531
2026-01-13 21:53:11,16,6,96,2,Energy-Aware A*,8,58.1525,3770.0,83.0,533.3447501659393
2026-01-13 22:17:24,32,6,192,2,A*,8,56.964375,2560.0,51.0,8.727025747299194
2026-01-13 22:17:24,32,6,192,2,ABO,7,57.437499999999986,2810.0,66.0,417.2749662399292
2026-01-13 22:17:24,32,6,192,2,FABO,7,53.58124999999999,2395.0,53.0,516.6603996753693
2026-01-13 22:17:24,32,6,192,2,Best Fit,4,30.229999999999993,1195.0,23.0,0.16722416877746582
2026-01-13 22:17:24,32,6,192,2,First Fit,6,42.144999999999996,2125.0,54.0,0.027846574783325195
2026-01-13 22:17:24,32,6,192,2,Energy-Aware A*,8,58.1525,3770.0,83.0,545.3074607849121
2026-01-13 22:42:12,64,6,384,2,A*,8,56.964375,2560.0,51.0,8.972459554672241
2026-01-13 22:42:12,64,6,384,2,ABO,7,57.437499999999986,2810.0,66.0,426.6693682670593
2026-01-13 22:42:12,64,6,384,2,FABO,7,53.58124999999999,2395.0,53.0,558.808605670929
2026-01-13 22:42:12,64,6,384,2,Best Fit,4,30.229999999999993,1195.0,23.0,0.32222652435302734
2026-01-13 22:42:12,64,6,384,2,First Fit,6,42.144999999999996,2125.0,54.0,0.05303645133972168
2026-01-13 22:42:12,64,6,384,2,Energy-Aware A*,8,58.1525,3770.0,83.0,572.5162081718445
2026-01-13 23:08:20,128,6,768,2,A*,8,56.964375,2560.0,51.0,9.54502010345459
2026-01-13 23:08:20,128,6,768,2,ABO,7,57.437499999999986,2810.0,66.0,445.03884840011597
2026-01-13 23:08:20,128,6,768,2,FABO,7,53.58124999999999,2395.0,53.0,643.0943355560303
2026-01-13 23:08:20,128,6,768,2,Best Fit,4,30.229999999999993,1195.0,23.0,0.6353943347930908
2026-01-13 23:08:20,128,6,768,2,First Fit,6,42.144999999999996,2125.0,54.0,0.10418295860290527
2026-01-13 23:08:20,128,6,768,2,Energy-Aware A*,8,58.1525,3770.0,83.0,624.9487907886505
2026-01-13 23:37:04,4,6,24,3,A*,4,38.186249999999994,1095.0,21.0,6.866417407989502
2026-01-13 23:37:04,4,6,24,3,ABO,4,39.908750000000005,1095.0,26.0,376.40236163139343
2026-01-13 23:37:04,4,6,24,3,FABO,4,40.1475,1020.0,24.0,366.90920639038086
2026-01-13 23:37:04,4,6,24,3,Best Fit,4,30.229999999999993,1195.0,23.0,0.03375530242919922
2026-01-13 23:37:04,4,6,24,3,First Fit,4,29.199999999999992,1380.0,36.0,0.006990909576416016
2026-01-13 23:37:04,4,6,24,3,Energy-Aware A*,4,34.01375000000001,1730.0,40.0,397.1493558883667
2026-01-13 23:37:04,4,6,24,3,MILP_Gurobi,2,14.82625,255.0,10.0,8.804817914962769
2026-01-13 23:56:20,8,6,48,3,A*,8,56.964375,2560.0,51.0,8.48923110961914
2026-01-13 23:56:20,8,6,48,3,ABO,7,57.437499999999986,2810.0,66.0,410.6415979862213
2026-01-13 23:56:20,8,6,48,3,FABO,7,53.58124999999999,2395.0,53.0,485.78649520874023
2026-01-13 23:56:20,8,6,48,3,Best Fit,4,30.229999999999993,1195.0,23.0,0.0506131649017334
2026-01-13 23:56:20,8,6,48,3,First Fit,6,42.144999999999996,2125.0,54.0,0.008772134780883789
2026-01-13 23:56:20,8,6,48,3,Energy-Aware A*,8,58.1525,3770.0,83.0,526.3991272449493
2026-01-13 23:56:20,8,6,48,3,MILP_Gurobi,2,14.82625,255.0,10.0,60.37442135810852
2026-01-14 00:21:12,16,6,96,3,A*,8,56.964375,2560.0,51.0,8.581016063690186
2026-01-14 00:21:12,16,6,96,3,ABO,7,57.437499999999986,2810.0,66.0,411.9984769821167
2026-01-14 00:21:12,16,6,96,3,FABO,7,53.58124999999999,2395.0,53.0,496.1271290779114
2026-01-14 00:21:12,16,6,96,3,Best Fit,4,30.229999999999993,1195.0,23.0,0.0887901782989502
2026-01-14 00:21:12,16,6,96,3,First Fit,6,42.144999999999996,2125.0,54.0,0.01567673683166504
2026-01-14 00:21:12,16,6,96,3,Energy-Aware A*,8,58.1525,3770.0,83.0,532.9831800460815
2026-01-14 00:45:22,32,6,192,3,A*,8,56.964375,2560.0,51.0,8.752339839935303
2026-01-14 00:45:22,32,6,192,3,ABO,7,57.437499999999986,2810.0,66.0,417.10565876960754
2026-01-14 00:45:22,32,6,192,3,FABO,7,53.58124999999999,2395.0,53.0,518.0446379184723
2026-01-14 00:45:22,32,6,192,3,Best Fit,4,30.229999999999993,1195.0,23.0,0.16670751571655273
2026-01-14 00:45:22,32,6,192,3,First Fit,6,42.144999999999996,2125.0,54.0,0.02788233757019043
2026-01-14 00:45:22,32,6,192,3,Energy-Aware A*,8,58.1525,3770.0,83.0,546.787011384964
2026-01-14 01:10:13,64,6,384,3,A*,8,56.964375,2560.0,51.0,8.979403734207153
2026-01-14 01:10:13,64,6,384,3,ABO,7,57.437499999999986,2810.0,66.0,426.7176423072815
2026-01-14 01:10:13,64,6,384,3,FABO,7,53.58124999999999,2395.0,53.0,559.9744975566864
2026-01-14 01:10:13,64,6,384,3,Best Fit,4,30.229999999999993,1195.0,23.0,0.33641958236694336
2026-01-14 01:10:13,64,6,384,3,First Fit,6,42.144999999999996,2125.0,54.0,0.0830390453338623
2026-01-14 01:10:13,64,6,384,3,Energy-Aware A*,8,58.1525,3770.0,83.0,573.2664754390717
2026-01-14 01:36:23,128,6,768,3,A*,8,56.964375,2560.0,51.0,9.5463228225708
2026-01-14 01:36:23,128,6,768,3,ABO,7,57.437499999999986,2810.0,66.0,444.4214015007019
2026-01-14 01:36:23,128,6,768,3,FABO,7,53.58124999999999,2395.0,53.0,642.1016147136688
2026-01-14 01:36:23,128,6,768,3,Best Fit,4,30.229999999999993,1195.0,23.0,0.6299870014190674
2026-01-14 01:36:23,128,6,768,3,First Fit,6,42.144999999999996,2125.0,54.0,0.10453653335571289
2026-01-14 01:36:23,128,6,768,3,Energy-Aware A*,8,58.1525,3770.0,83.0,624.0883405208588
2026-01-14 02:05:04,4,6,24,4,A*,4,38.186249999999994,1095.0,21.0,6.8570170402526855
2026-01-14 02:05:04,4,6,24,4,ABO,4,39.908750000000005,1095.0,26.0,374.63660955429077
2026-01-14 02:05:04,4,6,24,4,FABO,4,40.1475,1020.0,24.0,365.56242179870605
2026-01-14 02:05:04,4,6,24,4,Best Fit,4,30.229999999999993,1195.0,23.0,0.0312504768371582
2026-01-14 02:05:04,4,6,24,4,First Fit,4,29.199999999999992,1380.0,36.0,0.004897594451904297
2026-01-14 02:05:04,4,6,24,4,Energy-Aware A*,4,34.01375000000001,1730.0,40.0,396.2654707431793
2026-01-14 02:05:04,4,6,24,4,MILP_Gurobi,2,14.82625,255.0,10.0,8.785804986953735
2026-01-14 02:24:16,8,6,48,4,A*,8,56.964375,2560.0,51.0,8.464599847793579
2026-01-14 02:24:16,8,6,48,4,ABO,7,57.437499999999986,2810.0,66.0,408.42587637901306
2026-01-14 02:24:16,8,6,48,4,FABO,7,53.58124999999999,2395.0,53.0,483.79861330986023
2026-01-14 02:24:16,8,6,48,4,Best Fit,4,30.229999999999993,1195.0,23.0,0.051224708557128906
2026-01-14 02:24:16,8,6,48,4,First Fit,6,42.144999999999996,2125.0,54.0,0.008599281311035156
2026-01-14 02:24:16,8,6,48,4,Energy-Aware A*,8,58.1525,3770.0,83.0,525.5928456783295
2026-01-14 02:24:16,8,6,48,4,MILP_Gurobi,2,14.82625,255.0,10.0,59.65006923675537
2026-01-14 02:49:02,16,6,96,4,A*,8,56.964375,2560.0,51.0,8.612627983093262
2026-01-14 02:49:02,16,6,96,4,ABO,7,57.437499999999986,2810.0,66.0,410.89287757873535
2026-01-14 02:49:02,16,6,96,4,FABO,7,53.58124999999999,2395.0,53.0,494.89819717407227
2026-01-14 02:49:02,16,6,96,4,Best Fit,4,30.229999999999993,1195.0,23.0,0.08825016021728516
2026-01-14 02:49:02,16,6,96,4,First Fit,6,42.144999999999996,2125.0,54.0,0.014920711517333984
2026-01-14 02:49:02,16,6,96,4,Energy-Aware A*,8,58.1525,3770.0,83.0,533.2683198451996
2026-01-14 03:13:10,32,6,192,4,A*,8,56.964375,2560.0,51.0,8.737080574035645
2026-01-14 03:13:10,32,6,192,4,ABO,7,57.437499999999986,2810.0,66.0,417.07302927970886
2026-01-14 03:13:10,32,6,192,4,FABO,7,53.58124999999999,2395.0,53.0,516.5464344024658
2026-01-14 03:13:10,32,6,192,4,Best Fit,4,30.229999999999993,1195.0,23.0,0.1657092571258545
2026-01-14 03:13:10,32,6,192,4,First Fit,6,42.144999999999996,2125.0,54.0,0.02768683433532715
2026-01-14 03:13:10,32,6,192,4,Energy-Aware A*,8,58.1525,3770.0,83.0,545.4763388633728
2026-01-14 03:37:58,64,6,384,4,A*,8,56.964375,2560.0,51.0,8.978031158447266
2026-01-14 03:37:58,64,6,384,4,ABO,7,57.437499999999986,2810.0,66.0,426.4784986972809
2026-01-14 03:37:58,64,6,384,4,FABO,7,53.58124999999999,2395.0,53.0,557.8296413421631
2026-01-14 03:37:58,64,6,384,4,Best Fit,4,30.229999999999993,1195.0,23.0,0.3182640075683594
2026-01-14 03:37:58,64,6,384,4,First Fit,6,42.144999999999996,2125.0,54.0,0.05333662033081055
2026-01-14 03:37:58,64,6,384,4,Energy-Aware A*,8,58.1525,3770.0,83.0,573.1577558517456
2026-01-14 04:04:05,128,6,768,4,A*,8,56.964375,2560.0,51.0,9.581242322921753
2026-01-14 04:04:05,128,6,768,4,ABO,7,57.437499999999986,2810.0,66.0,444.8937129974365
2026-01-14 04:04:05,128,6,768,4,FABO,7,53.58124999999999,2395.0,53.0,642.0183598995209
2026-01-14 04:04:05,128,6,768,4,Best Fit,4,30.229999999999993,1195.0,23.0,0.6315786838531494
2026-01-14 04:04:05,128,6,768,4,First Fit,6,42.144999999999996,2125.0,54.0,0.10420346260070801
2026-01-14 04:04:05,128,6,768,4,Energy-Aware A*,8,58.1525,3770.0,83.0,624.6910028457642
2026-01-14 04:32:48,4,6,24,5,A*,4,38.186249999999994,1095.0,21.0,6.844425201416016
2026-01-14 04:32:48,4,6,24,5,ABO,4,39.908750000000005,1095.0,26.0,375.8717477321625
2026-01-14 04:32:48,4,6,24,5,FABO,4,40.1475,1020.0,24.0,366.85085368156433
2026-01-14 04:32:48,4,6,24,5,Best Fit,4,30.229999999999993,1195.0,23.0,0.03138113021850586
2026-01-14 04:32:48,4,6,24,5,First Fit,4,29.199999999999992,1380.0,36.0,0.004914760589599609
2026-01-14 04:32:48,4,6,24,5,Energy-Aware A*,4,34.01375000000001,1730.0,40.0,397.3150508403778
2026-01-14 04:32:48,4,6,24,5,MILP_Gurobi,2,14.82625,255.0,10.0,8.924293994903564
2026-01-14 04:52:04,8,6,48,5,A*,8,56.964375,2560.0,51.0,8.526350975036621
2026-01-14 04:52:04,8,6,48,5,ABO,7,57.437499999999986,2810.0,66.0,409.7383716106415
2026-01-14 04:52:04,8,6,48,5,FABO,7,53.58124999999999,2395.0,53.0,484.8933789730072
2026-01-14 04:52:04,8,6,48,5,Best Fit,4,30.229999999999993,1195.0,23.0,0.051476240158081055
2026-01-14 04:52:04,8,6,48,5,First Fit,6,42.144999999999996,2125.0,54.0,0.008605241775512695
2026-01-14 04:52:04,8,6,48,5,Energy-Aware A*,8,58.1525,3770.0,83.0,525.7475423812866
2026-01-14 04:52:04,8,6,48,5,MILP_Gurobi,2,14.82625,255.0,10.0,59.49021553993225
2026-01-14 05:16:52,16,6,96,5,A*,8,56.964375,2560.0,51.0,8.604432821273804
2026-01-14 05:16:52,16,6,96,5,ABO,7,57.437499999999986,2810.0,66.0,411.9547746181488
2026-01-14 05:16:52,16,6,96,5,FABO,7,53.58124999999999,2395.0,53.0,495.49344086647034
2026-01-14 05:16:52,16,6,96,5,Best Fit,4,30.229999999999993,1195.0,23.0,0.08835625648498535
2026-01-14 05:16:52,16,6,96,5,First Fit,6,42.144999999999996,2125.0,54.0,0.014795303344726562
2026-01-14 05:16:52,16,6,96,5,Energy-Aware A*,8,58.1525,3770.0,83.0,531.709876537323
2026-01-14 05:41:00,32,6,192,5,A*,8,56.964375,2560.0,51.0,8.719067096710205
2026-01-14 05:41:00,32,6,192,5,ABO,7,57.437499999999986,2810.0,66.0,415.7111916542053
2026-01-14 05:41:00,32,6,192,5,FABO,7,53.58124999999999,2395.0,53.0,514.9778664112091
2026-01-14 05:41:00,32,6,192,5,Best Fit,4,30.229999999999993,1195.0,23.0,0.16698980331420898
2026-01-14 05:41:00,32,6,192,5,First Fit,6,42.144999999999996,2125.0,54.0,0.0278475284576416
2026-01-14 05:41:00,32,6,192,5,Energy-Aware A*,8,58.1525,3770.0,83.0,544.6691312789917
2026-01-14 06:05:45,64,6,384,5,A*,8,56.964375,2560.0,51.0,8.98290205001831
2026-01-14 06:05:45,64,6,384,5,ABO,7,57.437499999999986,2810.0,66.0,425.62132596969604
2026-01-14 06:05:45,64,6,384,5,FABO,7,53.58124999999999,2395.0,53.0,558.2051692008972
2026-01-14 06:05:45,64,6,384,5,Best Fit,4,30.229999999999993,1195.0,23.0,0.32185912132263184
2026-01-14 06:05:45,64,6,384,5,First Fit,6,42.144999999999996,2125.0,54.0,0.05365729331970215
2026-01-14 06:05:45,64,6,384,5,Energy-Aware A*,8,58.1525,3770.0,83.0,573.407054901123
2026-01-14 06:31:52,128,6,768,5,A*,8,56.964375,2560.0,51.0,9.516774654388428
2026-01-14 06:31:52,128,6,768,5,ABO,7,57.437499999999986,2810.0,66.0,443.872385263443
2026-01-14 06:31:52,128,6,768,5,FABO,7,53.58124999999999,2395.0,53.0,641.931046962738
2026-01-14 06:31:52,128,6,768,5,Best Fit,4,30.229999999999993,1195.0,23.0,0.6289184093475342
2026-01-14 06:31:52,128,6,768,5,First Fit,6,42.144999999999996,2125.0,54.0,0.10408997535705566
2026-01-14 06:31:52,128,6,768,5,Energy-Aware A*,8,58.1525,3770.0,83.0,625.4683799743652
